event_id,sipm0,sipm1,sipm2,sipm3,sipm4,sipm5,sipm6,sipm7,sipm8,sipm9,sipm10,sipm11,sipm12,sipm13,sipm14,sipm15,x(mm),y(mm),z(mm),LCE (%)
0,1997,646,293,287,832,479,317,271,321,297,280,269,304,259,299,271,-19.9313,-22.4794,17.5,49.48
1,281,281,243,274,347,370,346,259,767,430,293,279,2197,543,316,295,20.7218,-25.4664,17.5,50.14
2,270,289,494,967,285,297,472,1888,273,327,317,453,275,284,288,314,-12.6665,26.59,17.5,49.9533
3,299,302,313,254,289,303,293,305,433,483,358,301,864,1965,398,304,25.2094,-12.8132,17.5,49.76
4,585,1771,600,301,388,435,358,337,313,321,324,300,309,301,307,281,-31.8505,-7.09046,17.5,48.2067
5,496,469,318,288,937,1411,391,273,504,516,327,280,281,316,288,279,-6.21693,-14.7923,17.5,49.16
6,665,1754,545,328,386,450,335,301,313,323,269,292,258,286,278,256,-33.2473,-8.54252,17.5,46.9267
7,372,434,337,252,637,1890,432,310,482,656,343,270,313,310,279,293,-5.14499,-10.841,17.5,50.7333
8,365,343,304,270,713,559,315,333,1275,790,347,281,436,391,312,269,2.78255,-17.9672,17.5,48.6867
9,249,301,297,269,296,304,331,347,272,306,352,673,302,327,482,2013,24.3257,32.1259,17.5,47.4733
10,251,270,306,321,294,312,501,489,301,358,1107,1198,295,320,462,516,8.2238,16.4187,17.5,48.6733
11,304,287,290,254,293,299,272,306,280,310,358,593,299,328,438,2183,25.7193,34.483,17.5,47.2933
12,293,354,358,354,245,389,1024,480,297,451,1206,552,318,315,377,342,0.514907,9.23294,17.5,49.0333
13,339,307,314,278,748,402,284,304,1988,451,329,281,500,386,320,265,5.12465,-28.1146,17.5,49.9733
14,262,275,295,292,290,304,323,308,352,608,611,353,396,995,1134,386,19.0259,0.255498,17.5,47.8933
15,309,309,429,1370,321,318,419,971,304,289,338,388,278,288,290,310,-17.9423,32.7313,17.5,46.2067
16,345,621,2112,519,316,393,557,386,306,296,317,317,289,283,274,267,-23.2311,6.37207,17.5,50.6533
17,330,325,476,1888,320,315,350,445,266,293,335,337,302,266,303,301,-34.8577,32.8691,17.5,45.68
18,273,287,320,342,294,295,309,284,297,329,449,516,285,318,874,2191,27.0961,20.3539,17.5,51.0867
19,258,268,293,315,282,292,331,404,297,332,426,1585,280,319,432,1016,13.8762,30.2214,17.5,47.5333
20,284,317,294,272,352,298,288,290,896,427,325,298,1480,484,334,322,18.9155,-32.8587,17.5,46.4067
21,332,302,279,285,536,560,310,281,1025,1247,344,309,447,451,318,312,4.64392,-15.3851,17.5,48.92
22,301,309,289,281,283,282,296,322,295,321,409,601,282,318,486,2397,24.7648,28.3611,17.5,49.8133
23,887,1868,423,281,515,527,343,303,338,315,269,282,252,302,277,289,-24.3296,-12.8837,17.5,49.8067
24,303,336,602,1530,305,276,545,1089,281,304,329,346,253,271,301,287,-17.5114,22.2939,17.5,49.0533
25,299,324,301,267,393,732,469,318,455,1648,535,297,343,396,372,310,3.42817,-5.37753,17.5,49.7267
26,289,329,726,1953,295,307,373,464,294,311,303,343,295,282,255,296,-31.7828,22.2033,17.5,47.4333
27,809,2069,469,305,465,474,353,297,293,312,317,266,302,283,268,289,-28.252,-11.4133,17.5,50.4733
28,247,265,286,290,331,280,384,391,300,336,932,1166,289,332,648,777,13.2818,17.1372,17.5,48.36
29,301,277,282,255,277,325,341,271,531,769,403,314,680,1709,461,328,19.5993,-10.687,17.5,50.16
30,293,257,317,285,329,388,337,276,489,1824,538,296,466,735,424,334,12.5614,-7.80679,17.5,50.5867
31,273,299,570,2054,313,295,422,514,310,296,314,299,282,278,256,303,-31.8975,26.1674,17.5,47.1867
32,1621,1017,360,295,523,434,310,261,334,308,290,263,285,259,260,242,-27.8501,-17.5057,17.5,47.08
33,302,325,290,289,376,328,350,259,1163,406,298,274,1334,474,284,327,16.7857,-29.3139,17.5,47.1933
34,310,291,249,261,300,295,308,284,531,571,331,290,1128,1532,380,307,22.4793,-14.8799,17.5,49.12
35,262,247,263,277,325,318,316,290,318,511,561,349,414,1127,1257,404,21.0227,0.465929,17.5,48.26
36,284,294,275,306,311,345,351,321,375,843,1009,380,351,694,720,372,13.9062,1.32373,17.5,48.2067
37,478,812,426,325,507,1630,515,309,343,378,350,295,290,304,265,301,-13.5483,-7.87663,17.5,50.1867
38,507,430,333,270,1538,834,322,289,625,478,288,301,344,291,282,271,-6.40092,-18.3426,17.5,49.3533
39,290,359,802,2283,263,320,454,572,258,270,306,328,252,240,306,308,-24.2409,21.0708,17.5,50.74
40,375,1265,1091,404,342,423,395,318,347,334,275,292,279,306,304,289,-32.072,-0.731722,17.5,46.9267
41,293,508,2072,683,306,361,467,402,286,288,339,292,277,273,268,292,-28.4923,9.92266,17.5,49.38
42,245,288,324,336,275,284,495,915,275,330,542,1622,285,315,353,457,2.49045,22.0159,17.5,48.94
43,245,291,300,323,285,326,492,499,281,360,1070,1273,293,324,450,475,6.58007,16.8362,17.5,48.58
44,659,408,321,303,1711,427,280,288,527,389,289,280,346,323,283,274,-9.27644,-32.5484,17.5,47.3867
45,294,305,357,414,281,295,550,1389,246,267,502,1055,259,277,304,428,-0.957857,21.0174,17.5,48.1533
46,333,307,380,617,286,312,406,1772,286,291,316,606,267,322,296,312,-7.38368,33.2876,17.5,47.3933
47,413,1251,1063,432,326,417,410,341,315,334,331,289,274,286,276,290,-30.5597,-0.972682,17.5,46.9867
48,413,333,295,305,1715,493,356,299,1052,437,272,300,358,313,286,281,-1.92045,-24.733,17.5,50.0533
49,2117,495,338,307,827,423,313,303,331,332,280,280,260,280,297,290,-20.352,-28.306,17.5,49.82
50,299,327,479,1928,347,344,389,473,303,325,309,330,294,319,297,281,-29.9324,33.2016,17.5,46.96
51,287,310,325,282,291,351,315,302,353,403,356,339,432,1286,1024,396,32.1915,-1.5391,17.5,47.0133
52,297,302,266,281,310,306,273,277,793,408,303,275,2140,507,327,288,21.266,-29.0885,17.5,49.02
53,279,320,304,315,328,280,318,297,322,426,420,322,393,1257,1045,436,32.7409,-0.808211,17.5,47.08
54,287,363,804,1349,303,349,604,847,274,289,349,362,237,279,285,293,-18.367,18.8753,17.5,48.4933
55,296,318,519,2250,266,290,390,672,308,282,304,327,293,250,294,315,-22.3586,29.0982,17.5,49.16
56,276,290,255,289,329,300,278,278,556,407,287,283,2383,545,300,292,26.8015,-28.6427,17.5,48.9867
57,295,290,279,308,288,295,354,293,323,649,1386,441,332,533,824,431,14.0083,4.12369,17.5,48.8067
58,335,632,949,416,309,567,1078,407,303,339,312,310,275,290,310,282,-15.567,2.99744,17.5,47.4267
59,357,293,274,283,612,376,317,294,2250,530,317,300,590,410,295,277,7.44927,-24.8301,17.5,51.8333
60,300,293,291,248,313,314,313,263,492,358,326,304,2069,625,355,309,30.657,-24.0171,17.5,47.82
61,504,353,309,327,1567,460,248,236,980,432,293,281,368,325,300,275,-1.88613,-27.3431,17.5,48.3867
62,292,355,287,300,285,303,363,468,293,306,452,1678,309,328,417,796,11.5107,30.9571,17.5,48.2133
63,827,537,334,273,1506,712,319,307,409,377,291,282,314,295,299,284,-13.1557,-19.4831,17.5,49.1067
64,268,287,276,271,314,313,278,304,662,413,339,255,2452,649,308,289,24.0585,-24.0751,17.5,51.1867
65,2239,628,323,312,782,410,295,273,326,300,263,286,296,298,279,249,-20.519,-24.8687,17.5,50.3933
66,308,310,455,2010,286,296,344,660,300,324,308,319,253,298,270,270,-23.2123,34.0301,17.5,46.74
67,407,665,480,315,427,1759,625,307,359,410,336,289,301,302,330,279,-11.242,-4.35327,17.5,50.6067
68,304,308,292,276,394,447,352,296,562,2041,489,302,437,562,369,320,8.41963,-8.70809,17.5,51.6733
69,278,276,255,256,290,341,268,312,596,401,336,277,2421,549,287,266,26.0426,-28.6306,17.5,49.3933
70,268,320,303,270,316,288,277,300,494,326,292,270,2163,613,306,260,34.7101,-25.3289,17.5,47.1067
71,291,280,272,267,317,326,299,296,491,399,306,306,1938,483,345,293,32.0484,-29.8586,17.5,46.06
72,2337,736,357,277,562,414,311,296,327,337,295,288,277,279,286,290,-25.7342,-21.7781,17.5,51.1267
73,284,295,264,308,313,289,320,352,301,346,432,402,327,501,1673,714,31.8773,10.4451,17.5,47.4733
74,279,316,262,274,314,315,281,294,544,390,322,287,2306,561,307,317,29.5854,-26.6812,17.5,49.1267
75,871,488,320,258,1913,526,299,282,417,373,323,299,313,291,289,251,-12.5774,-23.594,17.5,50.0867
76,680,2218,496,295,432,572,384,273,275,343,302,301,286,292,302,269,-24.1605,-9.73064,17.5,51.4667
77,329,665,2180,582,315,395,542,380,280,298,328,323,267,270,274,288,-25.3734,6.29037,17.5,51.44
78,281,329,352,411,298,337,650,1196,301,345,521,971,259,302,384,355,-1.30607,19.3492,17.5,48.6133
79,317,617,1812,555,325,343,453,404,275,275,318,331,278,283,311,278,-30.9909,6.58114,17.5,47.8333
80,280,308,270,273,317,323,314,279,471,415,305,313,1385,1100,349,258,30.8776,-17.1317,17.5,46.4
81,314,381,370,328,339,679,857,352,337,629,849,392,310,353,350,313,-0.271226,1.37392,17.5,47.6867
82,263,269,267,307,280,301,421,391,304,360,1544,869,265,377,579,596,11.0882,13.5813,17.5,49.2867
83,284,286,409,532,290,288,676,2035,299,306,395,557,277,292,319,349,-7.41766,21.7424,17.5,50.6267
84,277,294,270,284,256,281,313,299,296,409,696,442,306,545,1981,652,20.2802,9.35079,17.5,50.6733
85,434,474,358,302,549,2060,487,275,362,514,324,345,292,330,308,302,-7.64004,-8.18606,17.5,51.44
86,253,310,332,299,269,362,469,366,320,568,2134,546,317,345,579,409,8.08148,7.19092,17.5,52.52
87,364,438,354,288,512,2030,507,327,379,619,373,295,358,325,288,281,-5.49803,-7.59511,17.5,51.5867
88,232,271,287,273,287,355,301,284,377,790,502,313,514,1641,635,340,19.1727,-5.11585,17.5,49.3467
89,270,406,1350,774,286,364,801,587,300,324,368,318,267,296,296,315,-18.3003,13.2527,17.5,48.8133
90,223,257,303,277,269,277,297,327,274,321,442,474,298,369,1115,1620,27.4958,17.2326,17.5,47.62
91,353,279,282,282,638,352,289,273,1890,426,278,302,564,396,337,309,6.62068,-31.0311,17.5,48.3333
92,370,299,293,274,619,560,313,241,1307,951,325,289,483,402,297,288,4.58498,-17.4178,17.5,48.74
93,412,304,323,267,756,373,318,259,1763,443,307,278,517,363,310,305,4.38996,-30.272,17.5,48.6533
94,326,288,303,277,345,453,391,328,378,1305,986,361,335,498,471,321,9.0599,-1.23285,17.5,49.1067
95,274,487,1737,767,316,324,411,376,284,287,306,314,300,284,314,310,-34.0187,10.2573,17.5,47.2733
96,315,399,541,385,283,511,2014,543,290,376,528,397,285,315,331,288,-7.25453,7.15077,17.5,52.0067
97,277,325,488,1062,281,301,522,1620,275,277,336,421,265,273,289,296,-14.0972,24.8944,17.5,48.72
98,274,325,372,332,284,401,903,480,300,417,1363,524,308,314,374,349,1.48863,9.28306,17.5,48.8
99,296,290,305,245,357,323,287,239,723,377,314,300,2375,507,286,262,22.4816,-27.6661,17.5,49.9067
100,291,338,492,530,263,379,1155,1226,285,345,426,476,269,304,300,316,-7.94317,16.2214,17.5,49.3
101,592,358,324,283,1887,431,301,308,608,360,273,317,307,320,283,295,-7.1855,-33.8273,17.5,48.3133
102,296,310,866,2022,288,280,370,401,299,309,287,278,276,254,314,312,-34.7861,21.1122,17.5,47.7467
103,276,274,265,261,317,300,315,294,483,426,330,293,1679,1078,352,296,28.438,-17.6212,17.5,48.26
104,354,318,275,255,829,413,288,263,1893,462,299,278,509,337,321,283,3.66858,-26.8477,17.5,49.18
105,286,381,1544,691,297,401,859,542,280,274,337,330,245,286,290,276,-18.2609,11.7713,17.5,48.7933
106,270,264,295,272,295,327,317,281,404,887,627,359,398,1092,732,361,17.1313,-2.61126,17.5,47.8733
107,354,390,266,266,767,865,351,294,736,882,349,286,380,371,318,289,-0.369742,-15.3471,17.5,47.76
108,2288,622,315,294,716,490,325,278,342,306,297,276,266,274,282,261,-21.7072,-23.9372,17.5,50.88
109,246,283,281,289,260,281,314,310,286,348,426,464,311,341,1051,1702,27.5998,17.9454,17.5,47.9533
110,307,298,340,353,273,391,1408,621,317,372,840,544,301,318,356,328,-1.90453,11.8812,17.5,49.1133
111,278,286,297,226,334,391,392,305,375,1286,931,361,329,574,522,356,10.9756,-1.22948,17.5,48.2867
112,263,299,326,326,308,298,320,336,304,322,348,497,307,315,480,1827,33.3062,32.2897,17.5,45.84
113,328,318,501,1841,323,336,393,495,298,323,304,319,279,313,295,316,-32.0073,31.3151,17.5,46.5467
114,354,313,281,265,583,355,311,302,1793,423,314,348,599,354,315,306,7.80806,-31.6457,17.5,48.1067
115,341,298,299,327,629,295,287,286,1981,375,295,291,609,364,303,286,7.8171,-34.8602,17.5,48.44
116,293,309,299,257,267,308,279,345,292,318,375,530,324,340,698,2320,27.5321,21.7943,17.5,50.36
117,395,389,280,298,1238,597,311,282,1038,548,289,274,394,375,320,288,-0.746009,-20.4652,17.5,48.7733
118,313,556,2236,659,325,388,505,389,284,299,293,321,271,282,277,252,-25.8045,8.23278,17.5,51
119,2306,748,331,293,596,415,321,291,308,303,291,285,273,237,283,263,-25.1731,-21.9146,17.5,50.2933
120,267,291,279,259,364,326,289,268,1073,461,325,273,1667,514,329,301,17.5361,-25.0061,17.5,48.5733
121,262,299,479,841,320,300,456,1997,312,285,347,443,297,284,312,281,-12.1208,26.2015,17.5,50.1
122,278,283,318,278,277,327,329,315,296,338,778,812,289,347,876,1035,16.9443,16.8613,17.5,47.84
123,308,311,280,293,291,352,360,305,343,699,899,379,382,678,934,369,16.149,1.6573,17.5,47.8867
124,309,509,1909,710,307,293,413,392,299,315,325,322,284,291,289,298,-34.6462,9.41862,17.5,48.4333
125,253,294,253,277,302,309,294,330,272,288,363,791,342,322,447,1960,21.2903,33.7473,17.5,47.3133
126,757,466,282,313,2167,524,319,291,479,383,275,273,295,279,274,273,-10.9027,-24.8003,17.5,51
127,1541,1078,371,274,619,544,317,274,322,313,306,274,272,282,270,293,-21.9525,-17.4589,17.5,49
128,281,278,298,284,352,296,279,295,1253,402,311,283,1248,425,314,273,15.752,-34.4408,17.5,45.8133
129,306,297,287,312,304,310,292,295,293,312,375,405,273,357,1324,1215,34.5927,15.5027,17.5,46.38
130,393,462,315,294,533,1968,505,273,412,582,375,296,334,329,313,289,-5.53357,-8.99898,17.5,51.1533
131,340,675,526,330,405,1582,743,337,316,384,360,302,286,275,259,276,-11.6596,-2.7647,17.5,49.3067
132,286,280,260,316,310,406,352,297,454,1689,571,331,408,737,488,321,12.5608,-5.35844,17.5,50.04
133,297,258,263,277,305,339,366,289,320,619,809,362,375,751,1094,404,17.2726,1.80363,17.5,47.52
134,282,295,319,306,263,298,308,390,286,318,442,1329,274,297,462,1253,15.8592,29.2374,17.5,47.48
135,297,289,356,346,267,358,854,557,286,386,1373,591,297,327,376,381,1.7565,11.5647,17.5,48.94
136,459,1585,785,307,372,410,342,285,311,315,323,298,290,304,300,270,-34.2604,-4.11681,17.5,46.3733
137,297,291,692,2331,259,305,433,604,263,291,313,316,260,271,277,299,-24.871,22.3539,17.5,50.0133
138,277,266,286,272,327,335,323,290,401,904,488,316,460,1440,645,327,17.9648,-4.62992,17.5,49.0467
139,1458,1220,376,259,476,493,326,300,342,332,294,271,301,266,262,269,-24.6055,-16.4483,17.5,48.3
140,307,282,261,265,325,308,338,277,581,359,331,350,2012,489,342,294,24.5468,-32.121,17.5,47.4733
141,348,311,303,266,884,391,359,258,1685,444,268,299,463,351,290,283,3.15366,-29.4723,17.5,48.02
142,282,328,587,2249,306,301,474,719,272,298,315,323,268,252,316,299,-21.3967,24.479,17.5,50.5933
143,292,284,308,293,325,406,363,329,384,1472,812,331,361,579,512,320,10.2735,-2.18356,17.5,49.14
144,303,288,313,349,252,304,384,603,288,335,418,1713,276,359,416,583,6.5167,31.3176,17.5,47.8933
145,0,0,0,0,0,0,0,0,0,0,0,0,0,0,0,0,-34.9839,32.8126,17.5,0
146,303,276,288,268,292,327,280,272,687,587,325,283,1472,926,317,288,19.8091,-17.9518,17.5,47.94
147,1149,1231,389,301,428,443,366,318,331,312,282,318,314,275,281,294,-32.0586,-15.7788,17.5,46.88
148,305,415,507,329,317,659,1835,456,319,414,448,330,277,320,318,299,-7.64953,3.91716,17.5,50.32
149,746,481,278,270,2094,558,327,296,472,365,289,275,304,319,264,272,-11.5117,-22.9978,17.5,50.7333
150,262,292,294,284,296,315,392,356,321,404,1327,616,286,385,1038,563,14.8836,11.1487,17.5,49.54
151,1567,890,326,280,457,403,296,325,330,316,317,262,301,293,303,272,-32.142,-19.0564,17.5,46.2533
152,351,428,553,391,318,758,1819,430,288,422,447,331,304,285,305,272,-9.1676,3.54089,17.5,51.3467
153,356,367,340,296,594,1286,397,288,492,1036,371,304,361,342,330,267,-1.06436,-10.5769,17.5,49.5133
154,274,309,414,536,288,306,566,2101,301,299,439,679,281,312,341,280,-6.17593,23.0243,17.5,51.5067
155,275,305,286,283,365,321,293,270,1032,515,294,270,1696,562,304,263,17.9129,-23.7842,17.5,48.8933
156,288,305,409,880,296,305,470,1981,267,287,376,465,283,297,297,298,-11.4341,28.1491,17.5,50.0267
157,282,314,295,282,346,312,302,296,451,524,348,301,703,2157,488,306,24.9228,-9.97294,17.5,51.38
158,574,362,301,295,2102,412,299,289,680,402,294,299,331,342,286,296,-6.45502,-28.4192,17.5,50.4267
159,337,529,460,337,383,1379,964,308,329,494,429,286,284,287,281,295,-8.28402,-1.15291,17.5,49.2133
160,305,324,274,293,407,449,304,286,624,1939,439,306,429,594,382,318,9.93141,-10.9305,17.5,51.1533
161,280,284,274,268,251,324,381,353,290,414,1532,682,326,367,807,580,13.2674,11.6421,17.5,49.42
162,283,284,306,266,284,298,290,286,484,439,361,314,1147,1536,368,278,27.4618,-14.5165,17.5,48.16
163,304,301,306,253,314,486,347,291,505,2072,536,312,427,531,411,278,8.7073,-6.9073,17.5,51.16
164,1383,1204,421,300,522,413,341,314,297,284,279,274,264,298,254,290,-28.4565,-16.4847,17.5,47.5867
165,1078,463,318,269,1283,404,325,299,370,324,311,270,279,301,294,290,-14.7059,-34.3429,17.5,45.8533
166,306,307,367,482,293,294,563,1862,276,292,420,816,218,309,311,335,-3.54169,23.4169,17.5,49.6733
167,260,313,352,465,269,312,451,1604,313,304,434,1014,292,311,331,368,-1.54457,26.213,17.5,49.2867
168,2030,567,327,291,429,352,314,276,315,319,294,294,295,319,272,307,-34.2272,-25.4719,17.5,46.6733
169,312,447,1934,894,340,311,468,438,272,302,307,333,290,279,291,303,-27.7664,12.1195,17.5,50.14
170,313,296,265,271,348,321,281,282,1009,446,327,272,1798,573,304,277,18.3998,-24.3594,17.5,49.22
171,331,755,1712,585,297,424,434,383,291,273,310,295,277,305,286,301,-31.0832,4.57504,17.5,48.3933
172,243,233,263,271,314,273,291,326,288,344,534,471,285,445,2037,867,24.2399,11.959,17.5,49.9
173,577,467,305,283,1824,812,316,276,520,426,306,270,321,297,291,262,-8.67662,-19.6195,17.5,50.3533
174,257,293,326,281,296,331,329,382,274,324,418,1279,286,346,472,1219,15.7342,29.5638,17.5,47.42
175,2433,643,312,244,572,380,296,263,325,284,288,291,278,292,243,298,-27.2506,-24.5496,17.5,49.6133
176,2317,685,327,301,502,405,316,269,304,297,303,282,284,299,254,273,-27.7686,-22.6603,17.5,49.4533
177,309,336,698,1994,285,325,393,458,265,295,301,331,277,299,261,304,-31.0468,22.5478,17.5,47.54
178,295,343,638,1832,300,315,480,925,312,259,348,350,250,262,291,295,-19.0499,22.4614,17.5,49.9667
179,1327,1337,399,291,550,536,321,288,300,329,284,283,305,269,260,275,-23.6011,-16.0149,17.5,49.0267
180,663,2155,495,333,426,489,345,298,321,310,270,301,313,285,296,274,-27.4597,-10.0691,17.5,50.4933
181,284,274,312,248,275,288,287,289,400,508,405,316,533,2074,744,322,25.6951,-5.01286,17.5,50.3933
182,1341,511,297,304,1401,416,317,316,379,332,287,278,287,302,273,287,-15.5799,-26.3089,17.5,48.8533
183,279,310,297,301,290,329,351,312,306,334,353,506,302,321,484,1779,31.6835,33.206,17.5,45.6933
184,399,336,307,309,1151,402,298,327,1146,371,327,321,384,314,292,300,0.151325,-32.8068,17.5,46.56
185,1915,483,327,302,697,371,339,313,318,326,293,314,292,311,278,271,-23.1041,-33.2126,17.5,47.6667
186,319,296,257,258,282,302,291,287,341,488,531,324,359,950,1658,444,23.4932,2.16909,17.5,49.2467
187,643,2033,465,305,440,677,370,310,309,322,263,301,302,304,287,294,-21.0779,-10.018,17.5,50.8333
188,353,737,2050,515,338,387,480,377,285,302,301,300,266,265,259,288,-27.1331,4.70972,17.5,50.02
189,263,260,297,286,306,268,325,344,296,354,411,388,302,449,1664,822,34.0622,11.6016,17.5,46.9
190,790,488,317,286,1744,660,297,272,459,386,298,266,277,284,303,244,-12.0001,-20.8355,17.5,49.14
191,280,300,280,287,288,281,306,343,285,326,413,676,282,329,515,1961,22.316,30.9423,17.5,47.68
192,331,309,481,1772,304,287,340,445,316,306,345,337,319,292,281,327,-33.2593,32.3619,17.5,45.28
193,292,345,439,1456,304,314,413,1011,300,294,315,312,257,279,301,289,-17.9045,34.2574,17.5,46.14
194,2503,584,308,286,663,438,301,292,333,280,267,277,271,282,269,261,-23.3891,-24.8971,17.5,50.7667
195,273,260,278,326,277,274,364,543,280,325,589,2205,268,297,432,684,9.29307,24.493,17.5,51.1667
196,288,300,620,2419,304,309,369,625,288,304,302,304,245,307,305,293,-24.8294,24.1797,17.5,50.5467
197,461,557,361,301,625,1973,439,299,395,493,354,294,297,293,303,274,-7.96488,-10.9914,17.5,51.46
198,291,318,379,485,274,326,411,1655,298,332,384,751,267,252,319,377,-4.27009,31.2851,17.5,47.46
199,327,335,287,277,602,437,328,286,1891,676,307,277,491,407,315,284,5.58925,-20.3356,17.5,50.18
200,313,346,467,2009,298,332,395,560,268,262,314,341,286,290,315,277,-27.7392,32.6864,17.5,47.1533
201,354,343,270,276,609,806,343,302,698,1155,382,315,405,397,317,300,1.68682,-13.5909,17.5,48.48
202,378,320,276,275,750,420,300,248,2020,551,330,276,459,384,336,262,4.55814,-22.7631,17.5,50.5667
203,249,297,299,266,284,300,335,323,273,363,417,440,333,441,1938,822,29.0635,11.3724,17.5,49.2
204,299,290,277,260,317,298,264,266,595,416,314,288,2514,567,320,277,24.5748,-25.3971,17.5,50.4133
205,277,314,294,275,296,321,308,351,301,328,446,404,263,443,1713,860,33.5469,12.073,17.5,47.96
206,306,259,277,244,313,312,311,261,605,534,341,251,1574,1096,362,275,23.643,-17.3997,17.5,48.8067
207,280,281,274,302,302,386,361,320,339,1014,1210,384,348,545,585,365,11.8048,0.705459,17.5,48.64
208,1779,864,366,288,700,522,287,295,303,318,295,274,291,299,281,256,-21.589,-18.8994,17.5,49.4533
209,2102,535,325,301,495,363,301,281,332,296,293,251,339,306,293,254,-30.8254,-29.0566,17.5,47.1133
210,304,273,266,278,357,300,283,287,929,398,332,288,1707,499,316,304,18.8679,-30.3587,17.5,47.4733
211,1811,980,353,283,531,438,322,288,288,315,285,272,313,294,297,271,-27.3074,-18.3056,17.5,48.94
212,300,272,264,300,265,323,352,375,270,328,528,1564,276,315,512,1160,14.6737,23.6273,17.5,49.36
213,278,281,251,273,313,322,308,263,439,555,358,309,699,2219,517,298,24.3003,-9.76581,17.5,51.22
214,259,298,293,273,275,307,297,297,380,525,392,313,560,2273,571,330,25.6568,-6.89465,17.5,50.9533
215,420,1117,1088,408,356,401,390,331,297,297,330,328,300,272,323,286,-31.7349,-0.26936,17.5,46.2933
216,1217,500,311,302,1510,461,323,287,374,374,294,315,281,285,246,272,-14.9685,-26.4659,17.5,49.0133
217,291,300,272,283,319,292,294,283,492,417,351,295,1907,753,314,285,32.1447,-21.2244,17.5,47.6533
218,292,272,307,316,259,310,441,516,277,319,926,1511,276,323,477,532,8.02354,18.2082,17.5,49.0267
219,302,301,294,251,366,311,272,271,519,383,322,275,2303,546,291,265,29.969,-27.2178,17.5,48.48
220,290,291,317,296,308,287,339,302,327,346,441,381,336,515,1751,726,32.0033,9.76845,17.5,48.3533
221,259,271,301,266,310,321,314,276,380,805,519,338,431,1584,657,345,18.8417,-4.62982,17.5,49.18
222,280,302,447,654,271,301,504,2180,260,302,339,546,271,282,323,320,-8.93853,24.4702,17.5,50.5467
223,291,333,568,1407,274,308,516,1180,278,281,321,378,279,277,320,271,-16.7417,22.0063,17.5,48.5467
224,1014,1820,380,282,436,457,351,286,323,321,277,281,299,307,287,286,-27.6448,-13.2231,17.5,49.38
225,299,270,303,305,315,318,306,296,415,427,350,326,748,1696,475,315,31.8924,-11.1947,17.5,47.76
226,292,326,285,326,304,301,327,582,305,311,432,1735,286,322,446,720,9.82103,32.9346,17.5,48.6667
227,1893,497,368,303,450,365,339,264,306,332,308,290,309,294,278,258,-30.7783,-32.305,17.5,45.6933
228,1837,507,339,272,499,382,327,297,279,323,342,335,293,311,308,289,-32.603,-32.5558,17.5,46.2667
229,294,272,303,271,289,340,361,343,356,584,1407,415,346,517,877,401,13.9847,4.3649,17.5,49.1733
230,316,293,298,422,289,328,428,1156,283,306,420,1063,279,309,342,428,-0.553442,32.4359,17.5,46.4
231,307,283,296,294,288,281,311,294,295,302,421,578,286,333,586,2412,27.1018,25.6567,17.5,50.4467
232,256,287,292,327,279,335,478,468,314,369,1168,1184,297,300,516,532,9.16949,16.0077,17.5,49.3467
233,318,449,1543,825,289,359,403,419,281,313,342,336,292,317,295,292,-31.9871,11.7845,17.5,47.1533
234,263,290,252,273,316,335,287,283,588,611,369,275,948,1577,365,309,20.388,-13.7053,17.5,48.94
235,490,972,477,308,512,1363,493,358,313,350,338,296,274,279,277,264,-14.7425,-7.5906,17.5,49.0933
236,287,283,287,281,434,407,288,265,1725,791,293,282,577,521,330,263,9.48466,-19.1306,17.5,48.76
237,308,255,296,253,356,305,281,301,623,438,301,285,1902,884,366,297,23.197,-19.075,17.5,49.6733
238,299,275,280,276,345,306,328,272,880,617,320,280,1236,782,349,280,17.4434,-18.4828,17.5,47.5
239,720,1916,485,298,446,503,382,298,318,327,311,276,297,285,292,237,-29.8919,-10.2326,17.5,49.2733
240,272,295,295,274,300,297,306,300,318,366,425,371,366,990,1355,453,30.9922,1.51398,17.5,46.5533
241,2081,516,342,333,498,385,304,269,321,313,296,271,290,319,295,268,-29.7991,-29.8268,17.5,47.34
242,298,289,424,474,282,350,1145,1172,296,319,517,537,292,264,307,351,-6.50188,16.196,17.5,48.78
243,299,306,290,288,310,297,322,300,373,485,425,346,374,1308,1220,396,25.2369,-0.0982285,17.5,48.9267
244,281,275,280,296,354,296,262,293,431,497,349,286,1004,1556,428,297,28.5932,-13.9478,17.5,47.9
245,285,304,397,394,261,303,587,1214,294,294,552,1053,275,293,357,416,-0.571196,20.2206,17.5,48.5267
246,267,268,291,297,287,340,389,313,335,651,1520,436,305,490,735,427,12.9812,4.54041,17.5,49.0067
247,272,349,550,1397,286,331,490,1270,290,290,318,357,268,290,299,280,-16.5946,24.0545,17.5,48.9133
248,265,292,327,396,300,330,475,1004,281,297,463,1641,277,283,363,429,1.96534,25.2386,17.5,49.4867
249,287,315,517,2246,280,279,402,500,282,302,337,334,282,288,301,295,-29.4626,27.3586,17.5,48.3133
250,293,315,315,260,312,304,303,275,531,340,323,289,1947,509,321,330,29.2525,-33.4115,17.5,46.4467
251,402,347,305,284,1245,452,313,256,1296,465,289,291,427,331,305,293,0.173226,-24.6623,17.5,48.6733
252,275,302,300,304,318,288,297,321,300,305,408,490,304,326,829,1684,32.8924,19.987,17.5,47.0067
253,694,2277,498,300,391,466,384,309,315,285,323,288,298,284,256,259,-26.7776,-9.79728,17.5,50.8467
254,362,385,333,297,564,1702,491,275,454,735,400,313,344,336,342,303,-3.20335,-9.31949,17.5,50.9067
255,425,1099,662,351,409,930,584,341,308,343,330,301,271,281,282,298,-16.6795,-3.45071,17.5,48.1
256,499,1512,957,372,348,391,356,340,290,292,306,316,315,293,289,300,-29.6486,-2.17877,17.5,47.84
257,271,314,252,309,295,302,304,282,410,464,320,291,1057,1681,384,292,28.9882,-13.8312,17.5,48.1867
258,1914,509,313,301,443,408,309,318,317,296,292,290,307,306,318,264,-30.5752,-34.1362,17.5,46.0333
259,391,988,1667,440,368,402,463,361,290,293,333,290,281,262,286,266,-26.7149,2.18564,17.5,49.2067
260,288,261,272,287,293,323,432,359,289,478,1894,577,291,386,680,461,12.2311,8.83573,17.5,50.4733
261,796,750,339,293,955,872,349,283,379,338,302,296,283,249,274,279,-15.3671,-16.4808,17.5,46.9133
262,291,289,296,284,352,299,285,260,601,344,288,324,2346,490,296,282,24.6944,-29.0655,17.5,48.8467
263,279,260,293,256,327,312,293,285,568,413,302,296,2233,741,340,261,24.7922,-20.9659,17.5,49.7267
264,1521,450,326,285,936,409,325,323,361,325,308,306,262,309,293,280,-18.1972,-33.4703,17.5,46.7933
265,337,363,355,271,358,1176,715,349,357,694,540,323,310,323,334,285,-2.25757,-2.28062,17.5,47.2667
266,406,352,281,277,1180,461,285,282,1323,450,313,289,407,348,297,299,0.548381,-24.4814,17.5,48.3333
267,282,281,269,290,307,341,325,312,434,1163,495,325,451,1092,548,323,15.9006,-5.41349,17.5,48.2533
268,287,275,277,252,457,340,274,276,2032,497,266,297,792,432,319,279,11.2529,-27.7009,17.5,49.0133
269,312,299,249,250,355,316,257,263,861,503,290,270,1798,664,376,302,19.6252,-21.5571,17.5,49.1
270,280,288,270,291,257,306,341,361,284,299,427,1163,299,340,503,1568,17.3533,27.7851,17.5,48.5133
271,268,286,452,635,297,284,532,2259,277,283,362,546,272,265,315,310,-8.55494,24.3825,17.5,50.9533
272,340,309,305,284,725,558,326,295,1391,731,338,290,457,371,300,290,3.05433,-18.5835,17.5,48.7333
273,394,375,317,305,583,1423,450,258,516,859,428,289,307,332,325,280,-1.76449,-10.7931,17.5,49.6067
274,284,292,262,246,293,290,302,287,569,601,349,288,1116,1407,441,284,21.3424,-15.0543,17.5,48.74
275,2053,830,348,280,484,412,295,279,304,313,279,283,316,287,274,275,-29.2607,-20.9827,17.5,48.7467
276,304,414,1831,946,299,347,496,499,277,262,327,317,249,293,290,294,-25.6492,13.331,17.5,49.6333
277,392,448,314,323,649,1758,417,270,456,627,320,311,329,327,337,298,-4.29438,-11.4079,17.5,50.5067
278,345,396,421,336,324,748,1623,416,304,476,608,368,294,301,331,316,-4.64445,3.3014,17.5,50.7133
279,638,1012,394,297,622,1190,357,313,365,375,306,317,272,284,270,269,-15.348,-12.6229,17.5,48.54
280,1846,458,321,306,473,350,297,305,299,310,304,273,281,315,318,281,-34.4891,-33.6935,17.5,44.9133
281,293,287,296,273,295,301,323,283,365,465,376,310,533,2143,730,343,27.1953,-5.53493,17.5,50.7733
282,534,1876,824,338,343,388,339,312,298,294,292,274,272,274,306,286,-34.8311,-4.72182,17.5,48.3333
283,299,303,310,291,394,592,373,282,464,2061,487,327,368,478,365,314,5.94287,-7.27073,17.5,51.3867
284,764,683,337,284,1045,902,331,310,394,384,301,282,302,295,304,239,-14.0668,-16.6501,17.5,47.7133
285,655,571,292,293,1522,968,324,294,454,414,272,267,314,273,276,270,-10.6602,-17.5738,17.5,49.7267
286,290,314,297,312,296,313,294,282,406,396,313,323,762,1694,479,290,31.7738,-10.8474,17.5,47.0733
287,298,290,450,2106,286,325,382,682,291,295,296,298,273,268,289,275,-23.3517,34.4747,17.5,47.36
288,266,330,271,264,274,296,321,317,294,338,383,478,293,314,580,2052,33.216,25.6109,17.5,47.14
289,249,275,287,278,291,308,325,269,365,565,462,332,409,1391,1109,388,22.6905,-0.816623,17.5,48.6867
290,283,232,310,303,287,275,320,357,279,369,571,1024,276,326,655,1325,17.085,19.8705,17.5,47.9467
291,281,436,1708,749,289,385,721,554,276,293,307,329,245,273,293,301,-19.4948,12.1852,17.5,49.6
292,946,425,318,259,1547,374,322,312,419,294,296,280,273,304,283,278,-13.2405,-34.3976,17.5,46.2
293,2031,507,346,301,628,379,307,309,325,361,302,279,289,281,271,288,-23.7225,-31.2901,17.5,48.0267
294,308,375,343,323,361,819,674,335,378,871,729,343,305,378,384,331,0.201538,-0.867767,17.5,48.38
295,288,297,361,523,303,305,412,1924,302,305,404,780,260,295,310,331,-4.22423,27.8201,17.5,49.3333
296,318,283,294,279,302,403,440,359,322,804,1574,448,305,444,530,358,9.07277,2.72766,17.5,49.7533
297,303,304,368,475,281,342,422,1644,310,300,386,707,256,282,323,374,-4.98289,32.4438,17.5,47.18
298,266,267,267,281,331,305,297,272,795,394,346,280,2178,554,316,298,20.6291,-26.2825,17.5,49.6467
299,335,336,320,266,454,707,404,256,542,1707,429,293,360,399,344,274,3.71611,-10.1222,17.5,49.5067
300,1408,1007,378,282,538,439,309,293,350,302,303,279,295,265,312,274,-32.4138,-17.4019,17.5,46.8933
301,287,320,740,2293,292,309,412,607,264,279,274,326,274,284,273,305,-25.8198,21.9216,17.5,50.26
302,282,285,295,348,293,332,355,567,299,341,419,1685,308,317,374,613,7.84134,32.4382,17.5,47.42
303,287,280,288,247,407,403,341,308,928,1462,332,289,543,567,344,316,10.4984,-14.2521,17.5,48.9467
304,258,271,330,358,296,354,670,498,290,365,1620,713,288,283,417,391,3.79376,12.3208,17.5,49.3467
305,351,585,649,347,317,883,1200,413,324,388,382,335,244,326,313,303,-12.598,1.55788,17.5,49.0667
306,317,366,484,612,306,311,888,1603,262,270,395,493,281,253,303,315,-9.62945,18.2656,17.5,49.7267
307,321,368,285,305,382,592,548,329,376,1119,966,324,317,387,400,325,3.40514,-0.663501,17.5,48.96
308,260,281,267,311,286,315,307,284,535,414,318,289,2098,814,348,281,28.1717,-20.4442,17.5,49.3867
309,283,272,330,306,367,474,479,327,353,1080,1180,371,331,475,454,334,7.03536,0.100502,17.5,49.44
310,311,266,277,254,457,409,262,287,1594,876,312,268,655,498,324,271,10.5773,-18.3385,17.5,48.8067
311,269,303,309,293,275,290,317,318,297,382,653,485,291,448,1950,709,21.5208,10.7699,17.5,50.5933
312,1867,518,306,280,751,435,321,297,321,314,281,285,293,287,261,278,-21.1224,-31.3882,17.5,47.3
313,296,317,461,1289,307,310,432,1176,297,316,320,332,301,287,302,303,-16.1984,32.004,17.5,46.9733
314,266,301,275,285,264,281,320,353,274,308,456,809,286,278,645,2040,20.2199,22.6567,17.5,49.6067
315,246,308,275,258,251,279,316,344,278,293,413,535,315,322,566,2272,29.6767,25.7695,17.5,48.4733
316,393,697,644,350,352,945,895,379,289,342,355,332,278,268,298,285,-14.254,-0.262579,17.5,47.3467
317,265,291,270,318,266,287,315,340,304,348,375,736,310,328,480,1885,21.3755,31.4892,17.5,47.4533
318,244,269,272,265,302,306,335,319,293,432,988,473,305,487,1473,584,17.6413,8.7029,17.5,48.98
319,296,257,282,287,309,279,286,267,569,401,306,272,2514,516,313,295,25.9932,-26.8549,17.5,49.66
320,288,371,874,1696,276,336,494,671,284,280,307,320,250,276,270,271,-21.2994,18.5625,17.5,48.4267
321,342,506,708,382,281,739,1548,395,291,335,411,318,241,275,284,266,-12.2294,3.55599,17.5,48.8133
322,329,420,1863,832,287,359,592,530,282,262,300,306,261,294,268,282,-22.3087,12.4873,17.5,49.78
323,277,295,307,289,285,285,302,307,413,471,327,325,693,2270,526,354,26.066,-8.16793,17.5,51.5067
324,304,275,287,230,460,308,302,257,1618,378,342,286,1027,448,308,247,13.2423,-34.8132,17.5,47.18
325,294,340,779,2221,274,331,420,571,271,268,306,345,276,282,285,271,-25.5399,21.0043,17.5,50.2267
326,278,315,344,331,283,317,367,636,306,290,441,1848,298,317,359,572,7.23123,30.6881,17.5,48.68
327,273,270,314,342,278,298,443,645,280,333,579,2064,286,298,400,567,6.63748,22.6775,17.5,51.1333
328,694,1744,551,312,403,430,352,336,338,329,302,284,262,307,281,292,-33.1221,-9.00392,17.5,48.1133
329,288,321,271,278,404,431,294,287,869,1478,354,291,601,621,369,305,11.4777,-13.861,17.5,49.7467
330,268,327,286,279,274,303,284,285,704,448,314,280,2359,615,351,252,22.4025,-23.8605,17.5,50.86
331,244,294,293,290,291,321,332,286,282,437,678,449,312,533,2035,561,21.0791,8.55899,17.5,50.92
332,288,313,347,378,319,391,1240,643,319,339,940,538,279,363,354,345,-1.22242,11.3778,17.5,49.3067
333,331,417,438,344,362,924,1237,384,305,466,520,343,295,325,307,304,-5.79457,0.945568,17.5,48.68
334,1470,1081,343,313,453,437,335,305,310,306,292,288,299,327,306,255,-30.3375,-17.3864,17.5,47.4667
335,298,338,306,237,321,563,492,317,424,1303,942,347,364,428,427,316,5.62465,-1.15029,17.5,49.4867
336,279,299,267,277,369,389,292,275,1008,1136,330,289,637,696,349,283,13.0129,-15.516,17.5,47.8333
337,268,268,311,286,295,401,519,348,317,529,2027,509,295,409,483,367,7.08892,8.493,17.5,50.88
338,881,1771,378,306,550,682,363,320,302,325,316,257,273,260,256,266,-21.2773,-12.9886,17.5,50.04
339,268,274,254,292,315,294,314,286,493,353,311,292,1973,468,323,336,28.7963,-33.3354,17.5,45.64
340,270,286,290,286,257,265,465,483,270,344,950,1437,280,342,494,636,10.2115,17.8093,17.5,49.0333
341,286,307,297,295,272,288,297,306,336,375,429,384,318,567,1969,592,29.2394,8.28434,17.5,48.7867
342,294,280,300,264,330,339,256,295,485,410,320,284,1819,774,348,281,31.2546,-20.3305,17.5,47.1933
343,2275,557,316,257,750,432,321,266,346,285,275,292,315,296,268,269,-21.3453,-25.6001,17.5,50.1333
344,375,358,316,299,1037,403,294,265,1304,379,340,281,435,350,297,297,1.07016,-33.3422,17.5,46.8667
345,253,306,302,266,376,342,303,281,786,891,368,281,835,929,398,265,16.1995,-14.8756,17.5,47.88
346,700,2227,490,302,395,485,389,264,307,273,288,312,260,246,280,261,-27.3787,-10.0895,17.5,49.86
347,264,268,281,303,302,272,304,299,307,366,474,408,324,492,2171,694,27.8724,9.87498,17.5,50.1933
348,324,341,300,281,601,367,317,296,1778,398,307,299,591,388,333,264,7.55469,-30.9201,17.5,47.9
349,301,324,372,331,304,400,1094,538,279,437,1171,503,287,300,385,355,0.197009,9.51668,17.5,49.2067
350,179,168,180,144,196,165,182,185,209,219,170,187,677,241,182,171,33.3075,-32.501,17.5,23.0333
351,263,282,292,294,286,301,342,497,267,303,470,2027,301,291,425,814,11.8356,27.8586,17.5,49.7
352,252,250,295,297,273,281,290,296,307,312,411,570,306,306,650,2443,25.2619,24.5662,17.5,50.26
353,349,337,307,264,782,441,295,276,1916,535,319,281,488,371,302,303,3.83215,-24.0972,17.5,50.44
354,272,307,457,1277,245,335,468,1505,258,296,354,359,268,268,302,285,-15.4902,25.7376,17.5,48.3733
355,898,1600,449,319,441,425,340,315,310,314,301,266,307,304,301,253,-30.9907,-12.6379,17.5,47.62
356,416,435,322,293,643,2044,402,306,437,537,350,287,297,290,314,262,-6.4469,-11.0724,17.5,50.9
357,267,347,346,423,282,307,498,1326,298,307,424,1153,291,277,324,374,-0.647728,24.0721,17.5,48.2933
358,291,301,306,329,294,284,337,623,340,307,481,1998,287,293,382,578,6.77683,28.894,17.5,49.54
359,363,335,302,283,499,1085,390,292,512,1214,423,289,377,355,320,285,0.194674,-10.0761,17.5,48.8267
360,277,326,260,279,306,315,279,278,528,552,321,308,1498,1245,351,272,23.3639,-16.6076,17.5,49.3
361,315,418,559,405,297,540,2106,473,300,336,455,356,280,273,297,308,-9.27809,6.39761,17.5,51.4533
362,516,1305,493,348,482,1025,471,289,346,363,306,342,272,300,258,295,-16.8934,-7.74918,17.5,49.4067
363,2461,587,303,257,640,385,309,292,291,308,309,270,255,281,265,287,-24.3509,-25.2654,17.5,50
364,298,277,295,302,268,325,308,308,290,332,383,581,292,320,492,2126,26.0866,31.401,17.5,47.98
365,299,286,331,336,269,291,546,835,303,336,689,1531,276,329,362,424,2.69799,20.0864,17.5,49.62
366,262,266,312,305,260,291,367,468,278,304,652,1902,272,316,504,757,11.61,21.5509,17.5,50.1067
367,276,337,611,1279,284,314,576,1080,259,295,313,367,297,294,295,294,-16.2429,20.4886,17.5,47.8067
368,316,274,300,282,298,306,307,282,369,483,350,343,518,1959,724,361,28.4292,-5.37533,17.5,49.8133
369,285,356,410,349,331,591,1516,428,293,509,719,408,280,295,349,336,-2.79685,5.23546,17.5,49.7
370,431,1533,1046,330,367,446,389,353,282,312,329,292,317,299,305,271,-28.4398,-1.73722,17.5,48.68
371,310,310,342,338,334,434,962,472,306,432,1344,498,337,337,374,372,1.35146,8.2541,17.5,50.0133
372,395,431,318,275,749,1473,381,272,551,697,362,293,337,315,306,294,-3.95497,-13.093,17.5,49.66
373,1921,498,353,287,530,397,330,309,331,293,277,266,287,305,293,269,-28.8529,-33.0959,17.5,46.3067
374,303,555,2189,707,298,359,463,408,270,285,281,297,254,276,290,290,-27.3691,9.12778,17.5,50.1667
375,333,316,305,276,482,548,328,257,770,1727,393,284,432,492,323,276,6.44172,-12.2658,17.5,50.28
376,309,317,631,2235,275,323,380,473,286,299,300,320,284,294,316,294,-30.1437,24.3739,17.5,48.9067
377,957,1901,450,287,459,443,350,297,305,293,279,296,287,290,282,258,-28.0036,-12.8695,17.5,49.56
378,325,274,307,302,333,328,324,271,372,391,372,309,484,1587,729,340,34.0761,-4.08886,17.5,46.9867
379,430,385,280,287,1492,411,282,294,1120,451,274,304,384,328,296,281,-1.0959,-26.457,17.5,48.66
380,2102,533,312,292,739,379,318,317,339,306,299,277,292,270,291,256,-21.807,-29.4893,17.5,48.8133
381,259,272,272,257,302,293,283,337,292,303,442,603,295,313,918,1864,22.8813,18.9594,17.5,48.7
382,329,531,1776,632,307,373,402,426,314,308,328,311,281,322,314,294,-32.0008,8.92061,17.5,48.32
383,2347,684,369,275,674,458,327,292,302,281,270,254,294,288,265,271,-22.6759,-22.9112,17.5,51.0067
384,273,317,429,684,278,285,488,2205,286,256,390,527,271,275,298,327,-8.83006,27.0343,17.5,50.5933
385,279,257,279,253,271,308,327,370,283,313,626,802,305,334,744,1339,18.3435,18.662,17.5,47.2667
386,340,821,1597,452,307,387,433,389,307,260,293,318,285,291,306,294,-30.5802,3.12731,17.5,47.2
387,270,280,300,319,291,298,408,604,279,312,497,2245,263,294,387,569,7.52547,25.6092,17.5,50.7733
388,314,287,265,261,578,374,324,286,2303,496,304,281,601,379,264,247,7.87424,-25.3229,17.5,50.4267
389,0,0,0,0,0,0,0,0,0,0,0,0,0,0,0,0,34.9512,6.2035,17.5,0
390,557,467,331,266,1768,781,305,270,512,444,290,268,304,312,298,279,-8.3105,-19.3107,17.5,49.68
391,380,374,331,266,634,1013,357,293,643,990,346,240,365,378,305,282,-0.292308,-13.1544,17.5,47.98
392,298,276,292,306,289,320,307,278,522,345,311,275,2015,456,314,304,28.4785,-34.2263,17.5,46.0533
393,307,262,285,262,329,291,277,259,699,456,276,283,2384,675,351,269,22.1085,-23.0719,17.5,51.1
394,280,292,284,285,281,291,337,351,307,334,402,1036,259,324,457,1625,18.1501,29.7668,17.5,47.6333
395,275,281,295,314,282,287,302,353,271,326,392,476,278,289,600,2047,33.8035,24.8489,17.5,47.12
396,289,343,476,2005,295,313,361,669,273,281,345,302,308,266,294,274,-23.0268,31.843,17.5,47.2933
397,308,269,278,283,313,288,326,276,532,463,329,276,1484,1233,358,254,23.737,-16.9229,17.5,48.4667
398,289,307,262,281,328,444,403,291,442,1836,692,337,380,527,464,305,8.94871,-3.82009,17.5,50.5867
399,256,307,280,291,294,277,336,341,295,367,595,725,294,359,1051,1217,19.2128,16.7427,17.5,48.5667
400,406,937,1630,422,321,466,509,317,281,318,305,309,270,296,290,276,-23.7649,2.15728,17.5,49.02
401,429,1390,1165,372,345,467,445,347,291,290,311,309,276,289,297,302,-28.4385,-0.701917,17.5,48.8333
402,313,344,582,634,306,352,1293,966,306,329,367,408,266,259,269,286,-11.6636,15.2735,17.5,48.5333
403,288,285,287,279,295,384,367,288,427,1408,625,303,426,853,480,347,13.8994,-4.46368,17.5,48.9467
404,172,182,226,276,188,219,234,299,176,211,249,296,172,197,213,228,-2.02368,26.4977,17.5,23.5867
405,360,515,578,342,340,1035,1250,358,306,444,386,304,290,324,307,287,-9.93481,1.03172,17.5,49.5067
406,334,294,290,276,526,430,320,275,1872,710,301,267,613,445,311,289,8.40532,-19.8172,17.5,50.3533
407,275,257,289,322,291,253,305,291,301,305,428,652,320,307,607,2470,23.4358,24.4908,17.5,51.1533
408,427,346,311,304,1417,413,322,284,932,388,335,303,378,356,280,301,-2.0593,-31.3394,17.5,47.3133
409,333,707,1946,544,327,373,422,388,299,304,339,294,282,293,278,310,-28.7669,5.08832,17.5,49.5933
410,1922,471,325,301,666,404,298,314,312,334,316,301,306,290,267,261,-24.2017,-32.6793,17.5,47.2533
411,262,299,345,348,284,420,963,532,267,434,1292,597,282,344,373,359,1.47253,10.8382,17.5,49.34
412,362,523,1808,617,324,324,442,385,266,331,358,337,279,274,323,310,-31.1025,8.33365,17.5,48.42
413,298,316,428,864,291,304,414,1781,312,322,319,454,271,307,315,304,-12.0468,30.0942,17.5,48.6667
414,395,874,1484,458,331,518,653,370,302,313,309,315,241,277,288,266,-20.0681,2.08685,17.5,49.2933
415,281,290,279,291,322,298,342,262,402,932,571,327,455,1235,686,328,17.4211,-3.66443,17.5,48.6733
416,270,271,278,277,288,323,422,374,304,481,2021,547,295,431,649,458,10.7025,8.70181,17.5,51.26
417,904,1953,464,290,432,530,331,307,302,324,294,301,286,326,254,255,-26.8129,-12.0245,17.5,50.3533
418,312,610,1758,482,314,447,754,407,312,322,311,329,300,311,252,311,-19.701,5.95427,17.5,50.2133
419,697,2155,530,334,452,479,361,287,313,296,299,291,262,285,264,247,-27.3572,-9.26524,17.5,50.3467
420,284,314,269,247,291,299,290,271,707,468,314,290,2355,643,321,302,22.7016,-23.58,17.5,51.1
421,273,315,468,710,293,326,594,2176,287,275,364,459,262,289,296,346,-10.1064,22.8675,17.5,51.5533
422,281,287,338,299,306,287,299,294,383,495,360,335,564,2037,617,314,29.1388,-6.68837,17.5,49.9733
423,307,306,265,296,342,307,299,278,515,458,344,272,1292,1420,382,296,25.1932,-15.5187,17.5,49.1933
424,274,295,307,295,289,292,334,446,305,313,440,1741,284,330,377,839,11.937,30.7629,17.5,47.74
425,329,500,699,398,328,763,1474,426,310,382,422,331,266,291,291,278,-11.9949,3.10522,17.5,49.92
426,441,1507,708,334,370,750,477,317,305,345,313,284,274,279,298,289,-19.0283,-3.61486,17.5,48.6067
427,280,293,297,246,343,370,326,274,636,1335,380,309,571,1000,369,283,14.8857,-11.1424,17.5,48.7467
428,284,275,283,289,303,284,295,296,337,585,448,328,450,1646,935,362,22.2683,-2.46065,17.5,49.3333
429,319,535,2310,656,346,354,483,427,298,310,313,306,260,266,263,305,-24.9912,8.97344,17.5,51.6733
430,328,319,272,285,570,393,306,250,2071,648,327,292,630,429,292,317,7.94118,-22.0208,17.5,51.5267
431,271,289,308,304,324,314,408,738,282,317,419,1674,314,306,398,445,4.20956,34.0846,17.5,47.4067
432,280,470,2009,690,276,381,594,473,265,301,318,305,284,256,275,309,-21.7881,10.6114,17.5,49.9067
433,315,384,442,407,312,477,2044,555,294,361,552,403,269,265,282,322,-6.32993,7.99178,17.5,51.2267
434,305,291,286,263,326,307,302,290,458,456,346,263,1154,1588,395,317,28.6335,-14.6335,17.5,48.98
435,508,391,293,296,2008,563,298,281,762,447,315,294,351,360,256,279,-4.55067,-23.2467,17.5,51.3467
436,332,401,1331,855,284,337,729,565,276,292,348,333,303,288,275,268,-18.6382,13.5224,17.5,48.1133
437,331,282,283,263,333,324,271,249,505,427,296,284,1933,888,355,284,28.7838,-19.1401,17.5,48.72
438,277,339,473,1530,306,292,438,1154,300,307,323,382,252,249,306,293,-17.0137,28.4113,17.5,48.14
439,297,322,399,473,258,293,480,1669,279,296,379,817,270,302,309,327,-3.93358,30.8501,17.5,47.8
440,253,299,399,460,271,313,741,1551,289,327,535,764,250,320,318,375,-3.34434,19.6706,17.5,49.7667
441,316,331,356,319,395,765,814,343,335,721,800,336,307,365,335,277,-0.23213,0.563362,17.5,47.4333
442,299,287,344,404,287,310,457,1236,304,325,462,1318,261,278,322,364,0.156308,25.5182,17.5,48.3867
443,309,305,265,279,282,315,312,312,303,334,378,498,312,317,520,1995,29.4247,31.7359,17.5,46.9067
444,273,357,651,2158,269,315,449,761,279,270,299,341,251,284,280,298,-21.0933,22.7799,17.5,50.2333
445,826,565,324,276,1574,737,331,257,416,337,301,256,285,267,288,280,-12.9755,-19.7818,17.5,48.8
446,651,2237,539,318,420,553,379,269,268,331,301,303,281,302,293,262,-24.3058,-9.43266,17.5,51.38
447,336,377,371,326,422,1160,585,305,396,989,505,308,313,368,325,269,-0.461616,-4.35101,17.5,49.0333
448,1484,1144,356,284,549,497,350,286,339,321,252,284,300,282,237,271,-23.4432,-16.9027,17.5,48.24
449,278,265,276,307,293,273,324,309,284,324,410,762,287,311,485,1958,20.9382,30.9302,17.5,47.64
450,318,314,295,267,335,271,304,288,419,344,325,293,1869,433,314,327,34.7793,-32.854,17.5,44.7733
451,777,386,268,287,2016,375,281,274,530,329,311,284,288,288,270,270,-9.68608,-34.8375,17.5,48.2267
452,500,1711,832,356,356,454,414,330,309,327,297,262,299,281,275,298,-30.5531,-4.04873,17.5,48.6733
453,701,1840,440,311,413,386,343,298,302,322,287,293,292,274,285,284,-34.4532,-10.2708,17.5,47.14
454,274,274,267,263,340,311,283,291,597,487,322,279,1903,931,351,292,23.4463,-19.0692,17.5,49.7667
455,276,313,330,301,295,298,315,387,292,308,420,1240,301,348,455,1227,15.7578,31.5435,17.5,47.3733
456,1521,964,351,300,711,518,315,278,329,297,290,287,279,317,285,267,-20.247,-18.2027,17.5,48.7267
457,280,322,554,913,293,336,533,1888,271,275,355,443,269,275,312,294,-12.5757,23.427,17.5,50.7533
458,272,291,323,329,308,311,370,796,287,330,440,1731,296,279,352,487,3.94101,29.912,17.5,48.0133
459,317,333,736,2296,306,312,451,562,298,276,302,292,243,262,310,306,-23.7682,21.4592,17.5,50.68
460,2515,602,320,297,577,382,298,294,284,323,302,277,294,274,286,269,-25.6638,-25.7485,17.5,50.6267
461,243,280,290,266,278,294,334,316,300,305,424,522,312,375,1018,1782,26.4057,18.3899,17.5,48.9267
462,240,260,307,297,261,274,325,351,303,304,394,575,253,317,589,2427,27.6209,26.5225,17.5,49.8467
463,278,275,292,266,276,317,367,320,318,415,900,477,333,493,1545,574,18.1604,9.23184,17.5,49.64
464,270,346,393,334,290,540,1364,452,312,496,857,429,311,319,350,303,-1.50345,5.60551,17.5,49.1067
465,1042,1633,427,265,448,393,312,283,345,303,276,269,281,323,257,278,-34.621,-13.242,17.5,47.5667
466,339,686,1979,573,312,392,435,381,288,305,338,305,273,292,310,278,-29.0895,5.62095,17.5,49.9067
467,577,670,332,314,800,1558,406,300,384,377,299,262,340,284,312,276,-11.8536,-13.1661,17.5,49.94
468,387,1103,1411,438,343,504,523,330,335,339,303,297,254,277,303,255,-22.7395,0.846135,17.5,49.3467
469,301,357,510,398,308,451,1969,608,253,374,515,431,279,289,322,319,-7.37231,10.6082,17.5,51.2267
470,1379,502,324,302,1312,493,306,290,373,327,279,267,336,291,284,278,-16.134,-26.776,17.5,48.9533
471,266,305,264,294,283,305,340,297,312,470,738,394,320,602,1746,497,19.6903,5.74655,17.5,49.5533
472,271,287,285,326,275,315,333,414,315,321,488,1707,301,333,440,1054,13.7565,27.5556,17.5,49.7667
473,309,353,399,353,323,608,1251,392,310,564,793,429,318,325,334,291,-1.88858,3.55682,17.5,49.0133
474,263,283,316,339,263,410,683,470,307,453,1831,605,314,361,438,369,4.23747,9.96659,17.5,51.3667
475,293,270,268,273,345,300,299,279,764,442,348,299,2125,670,288,279,20.9331,-22.0342,17.5,50.28
476,504,447,310,281,1671,763,316,307,597,491,320,293,318,298,251,301,-6.5936,-18.9475,17.5,49.7867
477,295,245,297,301,297,318,312,346,272,312,408,1146,304,284,421,1379,17.0358,33.6588,17.5,46.2467
478,344,569,827,374,326,648,1294,407,274,331,354,353,273,263,304,289,-14.2926,3.35977,17.5,48.2
479,589,2279,636,357,406,468,363,283,303,289,300,296,274,297,305,281,-27.0803,-7.46067,17.5,51.5067
480,279,349,620,2100,261,335,409,442,290,307,319,364,303,302,287,299,-30.6332,23.7067,17.5,48.44
481,357,914,1578,454,331,508,557,374,290,292,322,294,301,267,278,264,-21.3748,2.1614,17.5,49.2067
482,297,273,272,280,313,331,302,330,323,382,420,350,349,904,1676,440,28.1896,2.65843,17.5,48.28
483,283,370,984,1571,282,285,406,472,271,259,317,319,269,264,302,289,-32.0072,18.2528,17.5,46.2867
484,636,1580,449,298,498,848,428,287,336,310,273,269,309,282,295,257,-18.4579,-9.66947,17.5,49.0333
485,1074,1513,381,259,413,374,340,282,304,290,301,292,260,295,305,269,-34.6021,-13.8722,17.5,46.3467
486,2197,534,332,298,523,404,317,296,303,313,271,276,303,276,265,296,-30.2062,-28.9738,17.5,48.0267
487,924,432,324,325,1955,479,333,290,461,311,290,275,288,280,285,236,-12.6168,-25.8513,17.5,49.92
488,280,289,292,262,292,300,284,297,416,548,378,291,623,2238,501,334,23.5103,-9.23523,17.5,50.8333
489,1036,425,320,302,1299,411,303,251,415,356,294,336,306,290,286,292,-14.5061,-32.8345,17.5,46.1467
490,266,273,507,620,263,320,717,1904,287,298,407,452,293,295,308,318,-9.50603,19.9274,17.5,50.1867
491,300,300,285,273,399,415,349,292,659,1874,416,285,523,605,368,313,10.2666,-11.3278,17.5,51.04
492,300,280,282,270,282,296,333,300,353,462,600,427,299,660,1971,491,21.691,5.5538,17.5,50.7067
493,283,283,267,263,301,316,263,270,413,357,267,296,2052,910,322,305,34.8737,-20.4983,17.5,47.7867
494,359,300,281,296,802,393,291,305,1955,446,307,321,474,404,306,294,4.0299,-27.7205,17.5,50.2267
495,422,348,296,271,1540,473,281,264,1005,411,296,327,393,360,302,269,-1.40981,-27.6928,17.5,48.3867
496,647,1303,411,269,555,1006,398,311,335,347,294,296,275,270,289,280,-16.9575,-11.1025,17.5,48.5733
497,363,438,322,288,595,1875,476,273,437,675,357,320,303,333,284,300,-4.51789,-9.96064,17.5,50.9267
498,276,341,785,1158,286,315,627,1015,290,286,340,380,309,283,309,275,-16.8359,18.9107,17.5,48.5
499,311,283,367,453,312,313,425,1575,273,303,405,997,266,286,332,392,-1.72683,27.396,17.5,48.62
