event_id,sipm0,sipm1,sipm2,sipm3,sipm4,sipm5,sipm6,sipm7,sipm8,sipm9,sipm10,sipm11,sipm12,sipm13,sipm14,sipm15,x(mm),y(mm),z(mm),LCE (%)
0,3953,3706,3431,3147,6083,4468,3672,3317,9827,5256,3851,3455,6168,4786,3690,3209,7.32958,-28.8957,8.59949,48.0127
1,3241,3352,3377,3277,3373,3649,3718,3697,3866,4440,5171,4516,4084,6775,9683,5811,29.8972,5.30019,8.79308,48.02
2,5806,4515,3660,3246,9557,5478,3893,3352,6552,4570,3649,3349,4276,3887,3390,3197,-5.31327,-26.1285,8.84198,48.2513
3,3474,3419,3261,3213,4234,3982,3479,3163,7242,5073,3842,3382,10506,6216,3998,3435,20.3345,-24.2078,8.58451,47.946
4,3118,3211,3242,3305,3349,3456,3731,3909,3450,3632,4786,6005,3424,3971,6081,12640,27.2589,33.7085,8.93043,47.54
5,3455,3590,3569,3365,3840,4474,4652,3940,4171,6607,7172,4385,4160,5149,5462,4270,9.56783,1.14974,8.59467,48.174
6,11417,7036,4083,3541,6044,5025,3931,3356,3983,3823,3442,3235,3406,3283,3271,3158,-26.5779,-21.7737,8.80506,48.0227
7,3410,3335,3106,3099,4052,3792,3412,3213,6731,4828,3868,3331,12233,6020,3926,3311,24.229,-28.8919,8.77548,47.778
8,3874,5850,10039,6644,3777,4386,5412,4736,3354,3524,3683,3798,3143,3393,3353,3336,-28.0478,8.33604,8.76614,48.2013
9,3428,3295,3251,3122,3883,3880,3467,3252,6421,4778,3796,3345,12224,6117,3898,3410,25.6888,-32.7843,8.5856,47.7113
10,5799,4539,3617,3280,9309,5289,3870,3384,6690,4784,3689,3280,4175,3871,3398,3127,-4.61473,-26.7465,8.5085,48.0673
11,5582,9507,7070,4173,4268,5042,4656,3972,3605,3740,3711,3427,3307,3409,3359,3163,-31.4894,-4.04578,8.92228,47.994
12,6989,9848,5407,3742,5020,5232,4350,3642,3822,3852,3507,3298,3341,3415,3307,3143,-33.9263,-9.91877,8.93098,47.9433
13,3522,4214,7164,11211,3376,3951,4952,5998,3230,3450,3806,4011,3199,3246,3345,3401,-25.4893,20.9966,8.65887,48.0507
14,3251,3321,3447,3317,3406,3687,3831,3705,3823,4527,5251,4582,3947,6415,9805,5847,32.8785,5.80672,8.82544,48.108
15,3191,3297,3226,3288,3496,3636,3746,3635,3958,4689,5157,4459,4405,6974,9539,5428,28.4756,4.03616,8.8208,48.0827
16,7032,8234,4722,3763,5646,6463,4258,3602,4013,4053,3707,3323,3488,3513,3241,3201,-18.6802,-12.1576,8.97726,48.1727
17,4404,4061,3535,3284,6504,5342,3795,3342,8087,6226,3988,3412,5024,4361,3743,3205,2.97354,-19.053,8.94717,48.2087
18,3376,3452,3290,3169,4114,4096,3678,3326,5587,6683,4576,3663,6533,8125,4900,3695,18.112,-11.0246,8.96544,48.1753
19,3553,3529,3207,3283,4587,4070,3543,3286,8852,5269,3734,3271,8742,5520,3804,3423,14.6154,-33.5951,8.65786,47.782
20,5141,8069,6177,4123,4817,6040,5315,3869,3768,4105,3859,3569,3310,3398,3445,3232,-19.1449,-3.84499,8.59968,48.158
21,3444,3852,4473,4117,3577,4516,6903,5393,3536,4478,6587,5350,3419,3852,4173,4132,-0.645468,10.2806,8.65303,47.868
22,3646,4017,4265,4038,3802,4918,6629,4616,3723,5065,6995,4804,3572,3979,4318,3965,0.181163,5.73342,8.75338,48.2347
23,3390,3707,3746,3575,3725,4561,5046,4052,4177,6154,7691,4688,3832,4774,5180,4230,7.45962,2.96031,8.98966,48.352
24,3354,4011,5411,5396,3448,4324,7358,7179,3325,3935,5070,5096,3261,3445,3775,4033,-7.18765,14.9344,8.6111,48.2807
25,3112,3366,3632,3656,3250,3706,4217,4917,3398,3925,5729,9066,3370,3904,5399,7670,12.3258,23.4081,8.54158,48.2113
26,4409,4079,3531,3288,7662,4812,3810,3198,8904,5028,3723,3349,5213,4266,3518,3293,1.99795,-30.4701,8.89327,48.0553
27,3165,3163,3291,3433,3161,3346,3693,4199,3214,3769,4815,6970,3491,3966,6133,11830,22.2078,27.5125,8.87524,47.7593
28,4391,4112,3551,3190,6538,5405,3913,3320,7697,6292,4007,3353,5004,4634,3676,3287,2.61702,-18.6928,8.75493,48.2467
29,3379,4127,7483,11278,3408,3876,5054,5721,3219,3502,3787,3944,3156,3245,3374,3311,-28.003,20.6531,8.87264,47.9093
30,3448,3661,3652,3376,3948,4823,4376,3731,4796,7597,6103,4092,4530,5552,4885,3945,9.35497,-3.34258,8.66652,48.3433
31,6102,4751,3691,3320,9381,5683,3844,3435,6132,4475,3730,3292,4011,3853,3413,3107,-6.94421,-24.186,8.52968,48.1467
32,3232,3762,4729,5922,3359,3871,5642,9449,3297,3646,4710,6207,3181,3452,3821,4097,-6.16372,23.2301,8.87109,48.2513
33,3301,3549,3266,3078,3890,3855,3535,3222,5521,5019,3919,3439,10125,8123,4365,3544,31.848,-17.7649,8.80562,47.834
34,3156,3338,3640,3467,3401,3807,4591,4105,3651,4594,7526,5864,3714,4536,6808,5740,13.3354,10.798,8.55627,47.9587
35,3489,4641,8574,9446,3411,3941,5131,5524,3322,3545,3913,3810,3141,3252,3423,3429,-31.3038,16.0774,8.83546,47.9947
36,3897,4915,5756,4551,4012,5677,7887,5025,3569,4267,4759,4003,3280,3618,3599,3650,-9.86135,4.409,8.56013,48.31
37,4050,3869,3467,3065,5941,4871,3727,3247,9412,5729,3879,3360,5899,4611,3699,3331,6.51659,-23.3161,8.88881,48.1047
38,5079,4694,3855,3320,7231,7013,4204,3586,5819,5541,3968,3419,3983,3966,3507,3184,-4.21374,-15.8977,8.94069,48.246
39,7142,6371,4135,3400,7485,6546,4113,3490,4543,4298,3621,3241,3598,3595,3286,3202,-14.1755,-17.0855,8.64148,48.044
40,3210,3451,3689,3604,3471,4021,4649,4116,3796,5057,7811,5428,3679,4813,6612,5210,12.1945,8.25158,8.80219,48.4113
41,3403,3385,3254,3206,3737,3874,3476,3266,5085,5107,4218,3630,7640,9584,5188,3643,29.9113,-11.4438,8.76835,47.7973
42,7650,5019,3866,3360,9576,5185,3997,3451,5216,4185,3630,3243,3853,3583,3359,3086,-11.3488,-28.6457,8.52179,48.1727
43,3332,3381,3331,3297,3592,3924,4165,3873,4243,5816,6282,4443,4378,6559,6955,4664,16.9482,1.16113,8.73783,48.1567
44,3245,3410,3171,3117,3990,3775,3503,3249,6397,4724,3766,3352,12439,5964,3883,3419,25.6814,-31.6277,8.81808,47.6027
45,3630,3989,4235,3898,4035,5509,6580,4449,3972,5439,6576,4518,3644,4012,4219,3799,-0.0396743,3.12615,8.76669,48.336
46,3251,3551,4022,4493,3394,3814,5008,7174,3356,3985,5626,8514,3253,3627,4315,5065,1.94993,22.482,8.60399,48.2987
47,3128,3346,3586,3701,3328,3567,4140,4916,3320,3789,5129,9516,3384,3880,5119,8167,12.9702,31.4877,8.79822,48.0107
48,3356,3750,4957,5808,3367,3953,6119,8836,3273,3674,4723,5778,3179,3384,3779,3930,-6.97611,20.8901,8.65958,47.9107
49,3305,3792,4877,6310,3337,3811,5507,9450,3394,3693,4646,6045,3164,3420,3691,3961,-7.78346,24.4912,8.5029,48.2687
50,3204,3505,3493,3350,3554,3873,4120,3718,4293,6106,6467,4494,4363,6445,6639,4554,16.0888,0.645621,8.76823,48.1187
51,3174,3489,3753,4176,3315,3616,4703,6153,3396,3867,5741,9070,3261,3650,4762,5780,6.13795,22.5775,8.79803,47.9373
52,3235,3335,3266,3226,3541,3654,3730,3537,4125,5101,5048,4184,5045,8779,7868,4731,27.0189,-1.13609,8.85726,48.27
53,3418,3391,3383,3089,4152,3917,3415,3236,7799,5006,3809,3376,10875,5849,3966,3298,19.037,-26.8365,8.84678,47.986
54,5171,5301,4089,3513,6583,7648,4499,3625,4941,5141,3961,3443,3907,3825,3486,3183,-7.26683,-13.1568,8.60193,48.2107
55,3820,4396,4352,3743,4293,6440,6294,4128,4131,5734,5576,4153,3649,4076,4040,3540,-2.02497,-0.282498,8.76376,48.2433
56,3167,3216,3415,3490,3337,3427,3762,3992,3314,3721,4661,6018,3349,3918,5790,12267,33.1317,30.9446,8.60643,47.2293
57,3094,3133,3523,3494,3223,3627,4034,4467,3357,3958,5653,7880,3458,4191,6080,8733,16.2683,20.9567,8.91432,47.9367
58,4575,7106,7234,4606,4237,5823,5820,4300,3632,3891,4002,3645,3369,3532,3332,3324,-18.6729,0.0938484,8.68618,48.2853
59,3311,3629,4442,5590,3487,3861,5255,9368,3125,3676,4725,7021,3199,3409,3827,4225,-4.21821,27.9356,8.73953,48.1
60,3214,3293,3227,3154,3786,3793,3543,3406,5184,5445,4323,3691,7111,9901,5535,3762,26.4399,-10.3946,8.93485,48.2453
61,3239,3586,4245,4661,3371,3885,4915,7992,3259,3734,5010,8310,3284,3478,4267,4796,0.522875,33.1046,8.6581,48.0213
62,3180,3446,3797,3843,3334,3782,4837,5007,3483,4270,7313,7523,3388,3952,5464,5887,8.9844,16.3034,8.68062,48.3373
63,3278,3366,3338,3304,3694,3762,3733,3387,4577,5296,4639,3826,5836,9664,6559,4145,29.5646,-5.5738,8.77521,48.2693
64,8549,8333,4532,3661,6020,5762,4072,3452,3986,3999,3553,3296,3356,3388,3310,3134,-21.4622,-15.6645,8.94814,48.2687
65,11124,6211,4028,3419,7069,4960,3988,3369,4149,3871,3589,3249,3386,3397,3262,3091,-21.7704,-25.4846,8.53711,48.108
66,4678,4512,3614,3445,6801,6748,4119,3516,6030,5984,4011,3374,4217,4200,3536,3236,-2.04856,-15.1605,8.89475,48.014
67,3394,3687,3511,3424,4020,4517,4254,3644,4555,7238,6282,4217,4510,5612,5122,4011,10.7755,-2.06817,8.50054,47.9987
68,3254,3375,3950,3966,3387,3780,4877,5701,3416,4079,6590,8172,3403,3842,4897,5484,6.24733,18.1473,8.83505,48.1153
69,3433,4028,6759,11376,3356,3820,5047,6560,3137,3450,3935,4144,3074,3134,3408,3420,-23.2169,22.3705,8.63038,48.054
70,3248,3341,3359,3117,3675,3823,3746,3293,4692,5376,4755,3817,5944,9511,6265,4096,25.3036,-6.45774,8.73804,48.0387
71,3423,4059,5930,6686,3461,4212,6688,7439,3341,3720,4412,4690,3124,3403,3641,3643,-12.2673,16.5362,8.53179,47.9147
72,3275,3344,3228,3188,3934,3911,3575,3305,5646,5428,4129,3492,8343,8797,4823,3543,24.0489,-13.9923,8.75963,47.974
73,3255,3530,3655,3625,3336,3850,4324,4378,3543,4415,7462,6357,3554,4277,6496,6101,12.7838,13.0091,8.65542,48.1053
74,3200,3417,3493,3398,3553,3990,4093,3815,4084,5669,6768,4673,4179,5922,7133,4912,15.8984,3.05212,8.97761,48.1993
75,3461,3335,3241,3102,4037,3906,3472,3185,7273,4923,3881,3382,11490,6006,3894,3378,21.3366,-28.3033,8.74899,47.9773
76,3800,4311,4242,3707,4430,6654,5809,3974,4233,6123,5408,3994,3843,4102,3999,3628,-1.53926,-1.97204,8.82017,48.1713
77,3207,3420,4106,4482,3245,3727,4841,7101,3292,3865,5269,8984,3270,3717,4227,5210,2.88232,25.4693,8.89189,47.9753
78,10638,5664,3844,3491,8124,4974,3856,3339,4435,3847,3488,3226,3468,3412,3280,3043,-18.4321,-28.6319,8.96473,48.086
79,3453,4267,7845,10505,3428,3906,4969,5756,3244,3448,3905,3876,3090,3236,3331,3350,-30.8745,19.0048,8.57329,47.7393
80,3245,3376,3360,3239,3595,3695,3722,3633,3991,4735,5171,4312,4403,7354,9093,5081,27.2705,2.47103,8.76265,48.0033
81,3118,3432,3468,3375,3584,3854,4125,3723,4130,5548,6258,4419,4340,6411,7726,4953,18.2126,2.57724,8.68782,48.3093
82,3493,3863,4790,4758,3580,4392,7128,6526,3417,4093,5743,5492,3307,3659,4096,4141,-3.59861,13.7338,8.52163,48.3187
83,3139,3299,3323,3354,3304,3404,3874,3948,3339,3789,4740,6129,3328,3758,6157,12407,33.4676,25.9299,8.85905,47.528
84,3660,4256,4313,3841,3948,5907,6456,4263,3982,5489,6174,4341,3680,4030,4166,3751,-0.669483,1.70775,8.66078,48.1713
85,3346,3941,5536,8830,3313,3797,5361,8743,3244,3691,4141,4688,3177,3232,3450,3593,-15.017,24.5965,8.60823,48.0553
86,3073,3251,3453,3390,3270,3563,3847,3954,3598,4230,5259,5083,3674,5121,9791,7339,33.3717,11.0819,8.63444,47.9307
87,4319,5531,5467,4225,4414,7083,6589,4506,3845,4515,4427,3747,3373,3393,3677,3369,-11.4842,-0.52815,8.52817,48.32
88,3151,3360,3735,4042,3278,3699,4568,5835,3305,3833,5568,9605,3331,3730,4787,6390,7.79727,25.1271,8.57814,48.1447
89,4781,4608,3816,3257,6667,6966,4319,3486,5755,5921,3993,3419,4147,4076,3605,3298,-2.85701,-14.7577,8.87607,48.076
90,3294,3603,4284,4785,3294,3808,5597,7839,3343,3848,5295,7638,3211,3648,4150,4608,-0.552515,21.9292,8.51191,48.1633
91,3368,3931,6398,12469,3310,3790,4813,5885,3133,3332,3830,3883,3135,3184,3211,3390,-29.4099,25.7742,8.88652,47.3747
92,7632,6579,4248,3548,7106,6262,4127,3473,4355,4250,3667,3383,3621,3551,3272,3175,-15.6355,-17.2758,8.53112,48.166
93,3690,5247,9535,7533,3692,4147,5498,5156,3308,3521,3910,3818,3149,3215,3265,3344,-25.1426,11.5609,8.93313,48.0187
94,3354,3342,3360,3191,3688,3904,3724,3349,4845,5653,4370,3718,6741,9665,5594,3884,23.858,-9.13254,8.80169,48.2547
95,9465,8566,4455,3543,5476,5157,4062,3518,3867,3841,3411,3255,3383,3433,3239,3073,-30.6632,-16.599,8.53591,47.8293
96,5569,7781,5399,3866,5155,7078,4891,3822,3909,4263,3807,3381,3432,3392,3330,3186,-16.7791,-7.38991,8.94291,48.174
97,3264,3616,4179,4462,3437,3919,5744,6677,3391,3934,6177,7349,3327,3578,4472,4644,1.57362,17.5956,8.66002,48.1133
98,3127,3265,3458,3750,3259,3612,4057,4642,3338,3915,5210,9021,3459,3926,5437,8808,14.7526,32.5984,8.61475,48.1893
99,11271,7468,4222,3432,5859,4825,3852,3429,3993,3820,3542,3250,3412,3305,3267,3115,-29.148,-20.8333,8.69653,48.0413
100,3145,3333,3654,3909,3332,3705,4527,5437,3404,4079,5949,9177,3440,3830,5213,6421,9.27508,21.4044,8.69264,48.37
101,3162,3222,3445,3346,3234,3490,3713,3849,3432,3664,4797,6029,3384,4008,6527,12196,32.7506,24.337,8.94672,47.6653
102,3288,3342,3259,3095,3760,3840,3586,3358,5000,5382,4298,3588,7286,9938,5311,3767,27.0645,-10.2223,8.94142,48.0653
103,4885,4293,3634,3228,7693,5714,3815,3439,7243,5610,3854,3444,4552,4037,3566,3333,-1.019,-20.0077,8.81212,48.2267
104,3077,3250,3344,3316,3151,3503,3913,3845,3384,3967,5063,5584,3499,4481,8463,9932,30.3517,17.1399,8.92662,47.848
105,3260,3350,3369,3209,3592,3762,3634,3566,4297,5097,4844,4091,4887,8722,7812,4544,33.2913,-1.50236,8.96267,48.024
106,3387,3382,3174,3117,3931,3789,3332,3168,5915,4713,3890,3351,12303,6361,3892,3450,29.9385,-25.196,8.76545,47.4367
107,3434,3391,3147,3199,4366,3987,3471,3229,8448,5178,3855,3347,9815,5622,3875,3466,16.8786,-33.936,8.90222,47.8867
108,5006,4755,3743,3505,7446,6662,4156,3461,6043,5522,3975,3388,4192,3974,3576,3240,-3.45268,-16.5251,8.77264,48.4293
109,4545,6987,8063,4936,4124,5462,5811,4472,3486,3848,3872,3519,3298,3322,3504,3301,-20.3531,1.75965,8.53495,48.3667
110,3335,3764,4839,6606,3379,3817,5663,9646,3319,3663,4522,5654,3143,3394,3767,3836,-8.93909,23.7829,8.94306,48.2313
111,4497,5674,5137,3960,4721,7610,6171,4049,4051,4778,4180,3657,3467,3647,3455,3334,-10.5602,-3.46614,8.68622,48.2587
112,4414,3991,3636,3296,6270,5540,3901,3266,7547,6386,4024,3462,4909,4408,3700,3374,2.48309,-17.3058,8.90099,48.0827
113,8096,5823,3935,3432,8267,5944,3903,3449,4472,4211,3611,3297,3695,3584,3350,3141,-14.4968,-21.2789,8.5225,48.14
114,3511,3493,3492,3158,4347,4627,3909,3459,5523,7873,4962,3712,5357,6534,4711,3773,12.1655,-8.84751,8.65691,48.294
115,3265,3444,4192,4847,3265,3762,4919,8478,3248,3720,4943,8349,3321,3507,4150,4733,-0.207402,28.515,8.89744,48.0953
116,3475,4059,6499,12149,3384,3760,4775,6007,3243,3472,3823,3780,3048,3236,3322,3372,-30.5155,24.2606,8.64955,47.6027
117,3368,3634,3485,3230,3892,4206,3848,3622,4680,6707,5706,4073,4880,7075,5733,4115,15.6903,-3.64897,8.70491,48.1693
118,3900,3696,3269,3149,5256,4278,3625,3279,9514,5448,3833,3413,7412,5042,3826,3381,10.6395,-26.8349,8.65861,48.214
119,3656,3551,3323,3187,4786,4156,3520,3280,9478,5203,3815,3435,8010,5208,3799,3332,13.1131,-28.4518,8.83375,47.826
120,3184,3373,3303,3268,3329,3630,3838,3746,3731,4514,5668,4820,4037,5948,9571,6165,24.422,7.54744,8.82585,48.0833
121,5566,7775,5485,3852,5194,7107,4880,3813,3775,4109,3790,3485,3436,3569,3272,3191,-16.89,-7.58959,8.99521,48.1993
122,4298,3849,3543,3148,6840,4675,3671,3349,9336,5286,3866,3423,5506,4395,3681,3192,4.38378,-25.9957,8.87284,48.0387
123,3293,3516,4453,5426,3355,3848,5317,9457,3369,3690,4653,7134,3216,3416,3952,4341,-3.89308,27.1232,8.97326,48.2907
124,7020,4983,3812,3326,9887,5201,3790,3383,5427,4133,3575,3321,3651,3623,3343,3075,-10.3095,-30.6395,8.81166,47.7
125,3749,4091,3937,3666,4235,6146,5502,3941,4490,6378,5948,4034,3844,4356,4216,3831,1.67509,-1.43176,8.74241,48.2427
126,3633,3974,4000,3657,4065,5573,5576,4101,4151,6398,6366,4268,3790,4332,4338,3859,2.80724,0.273568,8.53935,48.054
127,3189,3315,3571,3629,3302,3642,4035,4705,3356,3829,5021,9221,3216,3918,5354,8644,13.8388,31.0255,8.83919,47.9647
128,3305,3152,3410,3273,3608,3699,3655,3601,4038,4987,5265,4292,4558,7635,8740,5027,25.7518,1.91091,8.81411,48.1633
129,3784,4905,9159,8115,3594,4203,5521,5342,3379,3494,3861,3867,3065,3234,3380,3281,-25.3591,12.7479,8.86529,48.1227
130,3670,3751,3560,3347,4208,4927,4106,3639,5398,8057,5163,3832,4825,5873,4582,3698,9.74161,-6.91304,8.56545,48.424
131,7867,9339,4956,3683,5188,5411,4192,3575,3832,3979,3485,3384,3332,3329,3264,3114,-31.94,-12.6829,8.5957,47.9533
132,3126,3222,3427,3495,3190,3437,3933,4304,3468,3773,5009,7681,3333,3917,5707,10673,19.2163,28.2165,8.92847,47.7967
133,3320,3869,5306,7216,3324,4003,5830,9167,3240,3687,4299,5121,3116,3287,3547,3670,-11.4241,22.2642,8.71916,48.0013
134,8350,5260,3796,3479,9318,5239,3713,3429,4905,4223,3467,3283,3588,3497,3242,3126,-13.2806,-31.4644,8.93158,47.9433
135,3830,4913,7799,6243,3703,4633,6797,5425,3450,3900,4099,4036,3253,3352,3483,3427,-17.1523,9.81955,8.5452,48.2287
136,3261,3602,4256,4655,3417,3920,5452,7594,3316,3832,5515,7505,3372,3757,4218,4666,-0.0444199,20.811,8.91741,48.2253
137,3275,3552,4070,4724,3408,3745,4834,8242,3452,3694,5083,8258,3244,3541,4214,4877,0.197523,28.1125,8.75485,48.142
138,3964,5359,7927,5485,3726,4931,6877,5112,3563,3815,4086,3988,3187,3468,3412,3282,-17.1084,7.33011,8.81555,48.1213
139,11877,5988,3935,3430,6672,4907,3791,3385,4010,3788,3482,3200,3308,3272,3210,3018,-24.0941,-31.7703,8.54946,47.5153
140,3149,3340,3259,3385,3350,3740,3824,3781,3688,4433,5686,4871,3918,5790,9818,6488,25.3567,8.30889,8.78271,48.3467
141,3093,3428,3703,3873,3233,3694,4317,5592,3399,3834,5324,9857,3376,3745,4894,6981,9.55257,28.1442,8.73365,48.2287
142,7948,7294,4471,3589,6620,6052,4125,3584,4227,4083,3584,3395,3372,3454,3289,3140,-17.935,-16.235,8.75868,48.1513
143,3538,4008,5111,4982,3652,4322,7458,6906,3466,3862,5365,5217,3250,3489,3852,3944,-5.74114,14.346,8.66745,48.2813
144,3285,3368,3414,3208,3597,4024,3879,3633,4440,6625,5874,4152,4750,7151,6419,4404,16.8989,-1.79857,8.93908,48.1487
145,3234,3579,4380,5292,3318,3767,5347,8998,3192,3647,4830,7213,3205,3455,3970,4455,-2.76238,25.0328,8.94481,47.9213
146,4345,6788,9506,5363,4061,4656,5111,4459,3454,3725,3858,3668,3174,3389,3389,3267,-32.3588,4.0614,8.71282,48.142
147,12075,6251,3959,3385,6472,4838,3763,3290,4044,3803,3415,3151,3435,3489,3150,3122,-25.1799,-26.4355,8.66851,47.7613
148,3133,3395,3569,3540,3440,3703,4279,4429,3546,4318,6823,6865,3477,4454,6705,7014,15.0507,14.8489,8.82578,48.46
149,4782,7994,7495,4581,4345,5606,5306,4099,3595,3747,3757,3610,3371,3339,3312,3255,-21.8037,-0.696265,8.78792,48.1293
150,3152,3341,3775,3736,3422,3735,4724,4953,3545,4306,7483,6965,3533,4104,5730,5684,9.65611,14.5964,8.66545,48.1253
151,3463,3634,3904,3785,3729,4378,5710,4400,3785,5179,7796,5243,3662,4222,4950,4327,5.31088,7.16041,8.76948,48.1113
152,3179,3409,3478,3194,3484,3752,4008,3741,3900,4908,6535,4875,4044,5852,8446,5517,18.9409,6.11325,8.95864,48.2147
153,3402,3968,6445,11235,3300,3773,4974,6946,3242,3437,3877,4079,3142,3208,3494,3481,-22.6641,24.7383,8.56506,48.002
154,4936,8596,7802,4591,4223,5098,5052,4120,3669,3755,3756,3506,3276,3353,3323,3270,-26.3169,-1.40991,8.67645,48.2173
155,3673,3556,3400,3053,4778,4360,3617,3267,8736,5859,3935,3426,7436,5532,4030,3384,12.4852,-21.6392,8.80035,48.028
156,3127,3473,3960,4143,3394,3697,5105,5918,3456,4017,6522,8077,3422,3783,4802,5235,5.3086,18.3612,8.76225,48.0873
157,8371,6710,4211,3490,7076,5980,4033,3476,4281,4075,3563,3294,3587,3653,3215,3041,-17.1511,-18.4526,8.57505,48.0373
158,3823,5695,10047,6374,3751,4399,5236,4689,3373,3589,3837,3761,3264,3210,3377,3420,-33.3673,8.30366,8.9663,47.8967
159,5293,6660,4618,3719,5660,7962,4748,3718,4098,4613,3836,3339,3525,3774,3409,3274,-12.6016,-9.5322,8.85781,48.164
160,4400,7445,9009,5250,3998,4914,5119,4298,3560,3773,3732,3660,3238,3319,3412,3285,-33.5027,2.54987,8.748,48.2747
161,3453,3391,3259,3174,4148,3956,3383,3255,7183,5060,3851,3390,11547,6080,3920,3347,21.5458,-26.6326,8.87982,48.2647
162,6524,5648,3997,3429,7931,6629,4143,3447,4993,4440,3746,3398,3800,3759,3282,3120,-10.9013,-18.2333,8.60093,48.1907
163,3576,4356,6173,6117,3593,4359,7312,6896,3338,3898,4516,4489,3161,3369,3542,3696,-12.3987,14.2237,8.73744,48.2607
164,6915,9897,5460,3675,4923,5360,4406,3772,3855,3806,3580,3365,3334,3423,3148,3170,-29.2508,-9.69222,8.54052,48.0593
165,3406,3497,3198,3046,4074,3973,3430,3194,6600,5114,4000,3388,10769,6897,4181,3423,22.598,-21.7574,8.51025,48.1267
166,3548,4531,8186,8916,3483,4119,5582,5968,3273,3511,3889,4039,3054,3203,3467,3354,-21.6941,16.1363,8.98378,48.082
167,3440,3487,3502,3390,3758,4261,4476,3825,4305,6295,6998,4409,4200,5603,5905,4469,12.4498,1.81927,8.65249,48.2153
168,3151,3056,3374,3336,3279,3512,3687,3890,3437,3756,4862,6415,3383,3888,6164,12315,25.516,29.269,8.60502,47.67
169,3909,3803,3414,3176,5692,4485,3660,3330,9222,5858,3960,3403,6242,4937,3745,3346,8.15123,-22.0697,8.95333,48.1213
170,3342,3966,5449,9726,3395,3840,5008,8659,3240,3453,4046,4519,3205,3237,3514,3552,-16.3058,29.0745,8.77697,48.1007
171,3118,3316,3509,3681,3339,3549,3974,4961,3320,3904,5236,9393,3355,3825,5183,8215,12.8645,30.9931,8.92511,47.9187
172,3883,4090,3906,3560,4740,6346,4763,3834,4820,7260,5183,3807,4084,4568,4126,3647,1.70024,-5.40052,8.54967,48.4113
173,3228,3571,4315,5220,3324,3721,4939,9120,3332,3780,4821,7440,3188,3455,4028,4440,-2.66684,28.3758,8.94487,47.948
174,3364,3409,3337,3059,4494,3868,3570,3300,8281,5110,3745,3486,9874,5645,3867,3514,17.2217,-28.3378,8.53873,47.9487
175,5222,8839,7410,4542,4394,5322,4887,4007,3501,3768,3799,3418,3341,3340,3314,3124,-25.0781,-2.5978,8.78876,48.152
176,3436,3584,3481,3482,3814,4402,4149,3722,4399,7256,6106,4160,4513,6089,5460,3974,12.428,-2.71559,8.5562,48.018
177,3477,3399,3177,2975,4061,3962,3465,3276,7069,4946,3754,3379,11516,5950,3962,3397,21.9147,-30.3235,8.54456,47.8433
178,4451,7210,8929,5241,3963,4782,5250,4360,3551,3771,3880,3520,3240,3270,3328,3244,-25.9241,2.90049,8.60758,47.9933
179,4221,5391,6107,4360,4084,6224,7153,4528,3653,4266,4442,3879,3274,3468,3618,3417,-12.6313,2.24673,8.7717,48.0567
180,3999,4887,5846,4638,3946,5731,7918,4878,3622,4247,4700,4023,3340,3547,3654,3483,-10.2288,4.54519,8.81176,48.306
181,10148,5737,3928,3440,7981,5048,3850,3424,4346,4029,3519,3215,3461,3504,3271,3104,-18.2595,-28.1034,8.60869,48.0033
182,3366,3945,5489,7216,3432,4029,6360,8582,3233,3545,4382,4968,2976,3330,3644,3652,-11.9226,19.6847,8.81166,48.0993
183,3398,3730,4863,5954,3361,3920,5912,9120,3273,3802,4687,5994,3159,3355,3884,4061,-6.9839,21.9775,8.58478,48.3153
184,4086,3829,3410,3122,6640,4715,3675,3261,9706,5139,3667,3311,5684,4543,3658,3273,5.29743,-30.8473,8.87475,47.8127
185,4566,7428,8395,5007,3988,5216,5405,4225,3719,3681,3808,3684,3186,3389,3453,3370,-22.9749,1.57571,8.5891,48.3467
186,3393,3895,6040,12728,3424,3741,4647,6155,3220,3470,3794,3933,3121,3223,3313,3322,-27.4402,33.1022,8.80203,47.6127
187,3165,3207,3464,3294,3234,3448,3978,3986,3510,3908,5047,5839,3484,4300,7747,10547,26.7794,18.949,8.8023,48.1053
188,3691,3912,3550,3261,4986,4940,3889,3456,6961,7367,4371,3579,5582,5547,3962,3500,8.74917,-14.3591,8.57579,48.3693
189,3322,3407,3107,3210,3970,3836,3469,3133,6449,5115,3874,3295,11405,6723,4084,3408,23.9037,-23.0743,8.96409,47.8713
190,3649,3558,3313,3068,4727,4150,3453,3291,8646,5566,3808,3417,8605,5500,3870,3365,14.6587,-24.3345,8.68171,47.9907
191,3229,3672,3722,3759,3528,4045,5368,4627,3709,4877,7977,5957,3603,4197,5323,4930,7.30725,9.83156,8.53985,48.3487
192,4106,5162,4988,4001,4474,6831,6711,4333,3876,4820,4648,3947,3537,3716,3801,3538,-7.9842,-0.458958,8.51792,48.326
193,3618,4726,7832,6762,3548,4463,6670,5895,3319,3612,4244,4012,3081,3226,3535,3485,-17.5336,12.502,8.57912,48.0187
194,3643,3532,3267,3126,4676,4150,3539,3285,8822,5434,3802,3450,8878,5373,3891,3374,14.8154,-27.0265,8.63136,48.1613
195,6379,5257,3861,3355,8392,6441,4036,3496,5243,4585,3657,3258,3772,3894,3325,3127,-9.76538,-19.2508,8.57845,48.052
196,3353,3946,5585,9464,3417,3846,5226,8312,3257,3421,3986,4438,3148,3225,3456,3518,-16.8724,32.7251,8.52487,47.732
197,3304,3385,3443,3195,3648,3907,3831,3481,4615,6205,4864,3908,5456,8885,6353,4216,20.9437,-5.20891,8.79948,48.464
198,6880,5227,3923,3341,8977,6074,3901,3319,5283,4343,3683,3337,3723,3557,3332,3105,-10.6225,-21.4352,8.77819,48.0033
199,3208,3220,3409,3543,3241,3337,3634,3867,3429,3732,4692,5851,3322,3816,5959,12663,33.5176,33.6216,8.95041,47.282
200,3382,3424,3123,3190,3880,3660,3476,3132,5975,4740,3705,3367,12529,5854,3812,3311,32.9127,-32.6001,8.91697,47.04
201,3454,3321,3210,3172,4081,3780,3463,3118,6486,5130,3772,3305,11526,6641,4033,3375,23.1605,-23.7507,8.92249,47.9113
202,6574,9761,5810,4068,4816,5451,4416,3709,3811,3710,3600,3478,3420,3392,3262,3025,-25.1799,-8.61814,8.69088,48.202
203,3627,3494,3389,3168,4685,4112,3704,3429,8362,5943,3954,3483,7937,5866,3942,3386,14.1111,-21.151,8.55835,48.3207
204,4540,4179,3607,3205,6968,5493,3943,3323,7547,6038,3948,3349,4840,4401,3634,3252,1.49103,-19.2248,8.73254,48.178
205,12306,5930,3942,3453,6242,4791,3816,3417,3967,3874,3507,3214,3384,3478,3261,3026,-25.6072,-29.0931,8.50776,47.7387
206,8412,5949,4013,3482,8201,5783,3881,3499,4563,4158,3583,3260,3650,3558,3313,3065,-15.1382,-21.1272,8.95002,48.2467
207,7935,9195,5097,3632,5134,5517,4131,3549,3870,3864,3539,3324,3420,3512,3276,3190,-25.3028,-12.298,8.54512,48.1233
208,3629,3687,3578,3372,4180,4979,4332,3628,5007,8145,5658,3947,4514,5246,4520,3743,7.48693,-5.23517,8.74642,48.11
209,4273,6854,9486,5598,3901,4808,5162,4401,3395,3686,3829,3784,3400,3327,3211,3269,-30.7434,3.94473,8.61702,48.256
210,5437,4574,3684,3346,8773,5981,4037,3455,6213,4822,3777,3405,4187,3818,3526,3268,-5.43229,-20.6492,8.63281,48.202
211,3473,3918,6057,12336,3392,3679,4859,6563,3178,3529,3763,3957,3097,3198,3323,3360,-24.3675,30.2311,8.97545,47.788
212,3230,3474,3306,3325,3611,3783,3724,3483,4401,5148,4711,3951,5139,9314,7036,4335,33.5856,-3.68866,8.70464,47.9807
213,4749,7978,8481,4815,4186,4900,4948,4149,3490,3656,3695,3630,3362,3338,3322,3200,-30.6805,0.398172,8.97635,47.9327
214,4081,4973,4718,3900,4475,7319,6505,4243,3979,5124,4764,3814,3527,3764,3663,3551,-6.52388,-1.65807,8.60302,48.2667
215,3289,3586,4404,4859,3404,3853,5357,8360,3254,3819,5232,7690,3301,3454,4119,4526,-1.20149,23.4071,8.76778,48.338
216,4103,3870,3558,3163,6341,4567,3632,3361,9768,5254,3812,3450,5729,4655,3631,3289,5.75835,-33.3875,8.58756,48.122
217,3171,3318,3388,3378,3363,3566,3858,3935,3415,3988,5267,5945,3467,4443,7958,9765,25.0591,17.9708,8.59377,48.15
218,3612,3584,3276,3176,4536,4100,3495,3193,7634,6169,4080,3410,7803,6197,4036,3491,15.0021,-19.0237,8.63425,47.8613
219,3414,3644,3843,3518,3763,4852,5257,4101,4055,6177,7510,4680,3803,4581,4892,4090,6.03296,2.44411,8.61743,48.12
220,3595,3944,4245,4029,3800,5168,6496,4454,3886,5273,6809,4713,3664,4134,4392,3899,0.612776,4.48866,8.5366,48.334
221,4406,4047,3616,3183,7343,4882,3599,3352,9103,5093,3735,3354,5135,4373,3625,3317,2.69791,-30.3333,8.86123,48.1087
222,3460,4072,5685,9865,3455,3821,5148,8225,3237,3470,3989,4262,3138,3272,3459,3554,-17.6851,32.2319,8.61,48.0747
223,6240,9987,6033,4070,4667,5148,4391,3688,3740,3679,3438,3252,3262,3322,3287,3164,-30.4218,-7.08281,8.85137,47.5787
224,8635,7343,4367,3324,6802,5942,4191,3371,4143,4090,3570,3192,3421,3501,3195,3023,-18.9249,-17.6855,8.67212,48.0733
225,3624,3813,3554,3400,4183,4934,4264,3571,4980,8009,5505,3919,4457,5418,4590,3729,8.45542,-5.898,8.74703,47.9667
226,3869,3558,3305,3134,5552,4345,3596,3217,9906,5383,3869,3278,7082,5058,3635,3250,9.70173,-26.5199,8.95675,48.0247
227,3357,3394,3273,3215,3964,3888,3605,3296,5751,5172,3891,3454,10455,7933,4272,3329,33.6671,-18.5193,8.78557,48.166
228,12269,6611,4026,3319,5948,4808,3820,3327,3947,3760,3513,3132,3447,3383,3264,3132,-29.9799,-23.7717,8.78223,47.804
229,3927,3992,3629,3433,5132,5767,4150,3595,6053,7736,4547,3582,4664,4806,3952,3437,3.70122,-11.5315,8.72059,48.268
230,3950,4364,3796,3539,4734,6816,4841,3700,4914,7223,5116,3715,4029,4515,3985,3562,0.891,-6.7412,8.89932,48.5327
231,3086,3105,3364,3396,3312,3425,3843,3944,3457,3794,4933,5944,3283,4107,7435,11208,33.9067,20.0672,8.89958,47.7573
232,8855,5340,3937,3378,8682,5069,3932,3306,4616,4257,3547,3237,3551,3410,3238,3212,-15.3924,-33.4735,8.72904,47.7113
233,5569,8101,5650,3952,4911,6678,4925,3870,3742,4011,3830,3505,3343,3396,3276,3303,-18.0681,-6.4776,8.70115,48.0413
234,10801,6674,4251,3420,6702,5069,3961,3383,4099,3907,3481,3159,3451,3472,3166,3137,-21.8126,-22.0282,8.86115,48.0887
235,3322,3817,4936,5944,3373,4038,6124,8821,3484,3644,4842,5663,3173,3457,3709,3950,-7.24899,20.3553,8.50029,48.198
236,10713,7141,4207,3276,6397,5065,3811,3453,4053,3924,3423,3279,3421,3461,3227,3021,-22.8499,-20.7583,8.74165,47.9147
237,3197,3230,3360,3475,3289,3399,3752,3891,3413,3889,4904,5895,3285,3883,6317,12243,32.4236,25.344,8.57729,47.6147
238,3307,3321,3277,3407,3467,3687,3719,3585,4070,4907,4940,4244,4355,7816,9007,4971,33.2033,1.63905,8.96327,48.0533
239,9722,6101,4002,3328,7700,5345,3966,3505,4414,3898,3613,3275,3505,3480,3221,3137,-17.9197,-23.2703,8.70224,48.1413
240,3457,3569,3330,3147,4200,4215,3733,3394,5825,6932,4593,3725,6220,7589,4693,3808,16.3628,-11.2458,8.70351,48.2867
241,4198,6033,8906,5777,3816,4771,5960,4788,3396,3634,3835,3764,3132,3392,3420,3351,-21.1654,6.0119,8.74267,48.1153
242,3283,3582,3446,3362,3721,4136,4095,3674,4667,6730,6268,4145,4575,6694,5956,4331,14.7931,-1.53352,8.83989,48.4433
243,3952,4531,4375,3711,4417,6763,5983,4210,4229,5642,5421,4091,3645,4075,4027,3599,-2.66207,-1.68807,8.96143,48.4473
244,3985,4403,4118,3627,4498,6888,5491,3899,4411,6248,5213,4048,3853,4191,4051,3539,-1.48261,-3.66421,8.54757,48.3087
245,4160,4658,4592,3876,4500,7339,6417,4168,4103,5276,4880,3726,3662,3842,3695,3475,-5.50264,-1.84425,8.968,48.246
246,3700,4241,5287,4612,3752,5071,8148,5397,3580,4210,5291,4385,3247,3688,3997,3755,-6.56172,7.81373,8.63461,48.2407
247,6128,7770,4910,3768,5697,7195,4640,3743,3996,4341,3829,3417,3416,3477,3218,3135,-16.4025,-10.2867,8.75437,48.4533
248,12376,6498,4010,3343,6069,4709,3902,3411,3988,3829,3344,3169,3537,3413,3257,3054,-27.829,-25.4188,8.85003,47.9393
249,3343,3808,5013,6530,3472,3804,5973,9090,3310,3830,4446,5498,3234,3370,3732,3901,-9.03352,21.7134,8.64557,48.236
250,3272,3513,4103,4673,3426,3697,4893,8109,3338,3761,4993,8429,3250,3553,4251,4837,0.656546,28.9513,8.58115,48.0653
251,3462,3504,3569,3403,3839,4445,4341,3754,4498,7162,6687,4204,4233,5690,5474,4175,11.1125,-1.02968,8.76573,48.2933
252,3486,3941,5240,5251,3633,4398,7588,6780,3396,3894,5141,4901,3331,3542,3731,3771,-7.27753,13.7215,8.81573,48.016
253,12823,5890,3896,3404,5894,4590,3733,3340,3939,3722,3418,3259,3390,3318,3355,3200,-32.8281,-32.0733,8.78632,47.4473
254,3658,4610,8090,7980,3593,4265,5982,5870,3280,3546,3948,3996,2996,3303,3479,3502,-20.1822,14.5321,8.78889,48.0653
255,3296,3293,3196,3112,3792,3790,3460,3259,6470,4900,3904,3331,12532,5872,3892,3430,26.394,-30.4148,8.77035,47.686
256,3692,5173,9698,7715,3677,4104,5213,5142,3329,3573,3774,3814,3113,3327,3408,3386,-28.845,11.5044,8.79371,48.092
257,3339,3785,5166,7884,3353,3844,5167,9322,3269,3621,4195,4955,3229,3344,3544,3682,-12.7613,33.2023,8.51722,47.7993
258,3366,4036,5527,10317,3374,3829,5021,8160,3337,3450,3902,4257,3140,3214,3442,3458,-18.2381,31.258,8.86602,47.8867
259,5566,5678,4182,3493,6770,7747,4524,3483,4651,4910,3843,3455,3578,3700,3430,3202,-9.90378,-13.2817,8.61392,48.1413
260,3458,3290,3297,3131,4078,3754,3424,3182,6016,4954,3798,3319,11924,6799,4035,3438,30.9583,-22.8702,8.73005,47.9313
261,5085,9160,7258,4162,4386,5015,4853,4045,3591,3934,3765,3458,3388,3301,3405,3165,-33.9844,-2.57811,8.77771,47.9807
262,7115,9819,5337,3680,5023,5215,4341,3685,3698,3813,3617,3314,3310,3376,3309,3205,-32.9371,-10.8093,8.74759,47.9047
263,7413,9892,5141,3664,5028,5408,4297,3611,3766,3829,3596,3296,3341,3245,3217,3172,-31.5209,-11.2359,8.78741,47.944
264,12728,5858,3899,3399,5869,4695,3719,3416,3885,3736,3383,3264,3262,3451,3373,3166,-30.5947,-33.3776,8.929,47.402
265,5151,4834,3748,3336,7360,6743,4161,3431,5679,5310,3925,3423,4216,4094,3485,3189,-4.87432,-16.4405,8.71109,48.0567
266,3388,3376,3275,3005,4095,3949,3500,3119,7217,5233,3869,3401,10615,6438,3993,3456,20.784,-22.5142,8.85413,47.9527
267,3106,3302,3557,3744,3375,3646,4142,4774,3392,3868,5599,9065,3407,3907,5469,7972,13.3101,23.6,8.65048,48.2167
268,4056,5984,9962,6163,3736,4449,5264,4685,3365,3624,3873,3564,3160,3351,3308,3332,-29.7821,7.29366,8.85489,47.9173
269,3395,3618,4262,5184,3285,3809,5098,8879,3378,3709,4692,7556,3242,3460,3951,4492,-2.1038,29.2972,8.63972,48.0067
270,3888,3852,3320,3196,5868,4458,3569,3269,9837,5213,3869,3381,6556,4846,3817,3362,7.99021,-28.0903,8.77804,48.2007
271,4618,5425,4364,3701,5532,7968,5009,3816,4407,5225,4272,3397,3807,3775,3747,3422,-7.22623,-8.01106,8.56025,48.3233
272,6282,4952,3714,3311,9284,5910,3953,3369,5738,4697,3615,3343,3866,3728,3403,3123,-7.90905,-22.4803,8.55372,48.192
273,3476,3385,3233,3078,3853,3811,3365,3206,6038,4900,3883,3417,11451,7484,4214,3307,27.5154,-20.7273,8.96481,48.0673
274,5401,4431,3543,3251,9358,5101,3823,3270,7202,4613,3637,3410,4346,3973,3460,3327,-3.28327,-27.2579,8.95968,48.0973
275,3449,3765,4328,4171,3718,4578,6830,5112,3693,4717,6994,5168,3484,3837,4404,4190,0.176766,8.93291,8.87463,48.292
276,8725,5226,3833,3394,9355,5078,3794,3365,4747,4170,3493,3265,3581,3455,3212,3141,-14.1542,-30.2798,8.88102,47.8893
277,3707,5061,9264,7457,3504,4330,5605,5332,3356,3545,3944,3896,3089,3259,3343,3202,-24.1659,11.9327,8.62605,47.9293
278,3558,3540,3441,3108,4431,4513,3691,3232,6908,7078,4352,3471,6479,6577,4393,3542,13.6589,-14.4087,8.68556,48.2093
279,9227,5833,3973,3415,8103,5467,3901,3466,4474,3990,3643,3309,3499,3544,3205,3099,-16.7008,-23.0616,8.97198,48.0987
280,3322,3902,5634,8674,3402,3883,5333,8923,3176,3521,4064,4653,3135,3323,3496,3509,-15.0053,25.334,8.73365,47.9667
281,3260,3603,3796,4029,3509,3968,5256,4888,3503,4380,7641,6578,3576,4012,5205,5134,7.03397,13.3322,8.63435,48.2253
282,3485,3516,3286,3195,4091,4185,3682,3445,5596,6850,4553,3630,6300,7695,5008,3782,17.0011,-10.5821,8.67989,48.1993
283,3447,3934,6079,12372,3364,3765,4865,6585,3197,3434,3778,4004,3042,3238,3464,3383,-24.7291,27.9396,8.67387,47.9673
284,3486,3373,3198,3122,3856,3830,3463,3125,6182,4829,3898,3329,12640,6277,3975,3432,27.4048,-26.6561,8.94628,48.01
285,3167,3509,3983,4203,3383,3690,4643,6578,3343,3886,5165,9421,3292,3598,4512,5668,4.81412,33.2598,8.60478,48.0273
286,3441,3337,3181,3090,3877,3822,3582,3201,5381,5457,4064,3603,8555,8977,4831,3670,25.8236,-14.013,8.78868,48.046
287,3038,3362,3613,3447,3227,3675,3935,4204,3493,4118,5793,6612,3506,4295,7205,8476,18.8665,17.5626,8.52597,47.9993
288,12303,6098,3898,3417,6261,4731,3641,3424,3979,3793,3517,3233,3391,3410,3241,3099,-26.7393,-28.6794,8.53506,47.624
289,3155,3285,3407,3403,3164,3508,3976,4352,3452,3946,5419,7309,3413,4088,6497,9702,19.1364,21.6787,8.59694,48.0507
290,4568,3949,3516,3132,7564,4882,3697,3359,9053,5088,3806,3338,5051,4290,3620,3214,2.15954,-28.0604,8.76972,48.0847
291,4177,6504,8648,5257,3986,5067,5864,4519,3536,3856,3956,3622,3252,3313,3339,3225,-20.8684,3.88841,8.90876,48.0807
292,5668,6626,4552,3763,5809,7437,4705,3723,4326,4504,3921,3442,3643,3538,3344,3268,-13.1169,-10.5724,8.63509,48.1793
293,4405,3935,3416,3216,7143,4732,3692,3214,9324,5022,3715,3438,5529,4333,3680,3298,3.56862,-29.6538,8.5175,48.0613
294,3199,3390,3536,3716,3328,3487,4385,5270,3377,3970,5713,9598,3322,3796,5206,7118,10.8447,23.1264,8.74953,48.274
295,9204,7549,4409,3472,6259,5425,4071,3524,4021,3932,3540,3349,3514,3339,3206,3025,-21.9295,-18.186,8.60145,47.8927
296,5568,4456,3632,3270,9568,5102,3725,3319,6959,4608,3761,3281,4282,3849,3538,3165,-4.42364,-27.5468,8.72047,48.0553
297,7177,5267,3882,3352,9257,5846,3942,3427,5076,4520,3673,3197,3718,3665,3373,3178,-11.1323,-22.3708,8.76859,48.3667
298,3362,3423,3296,3134,3859,3891,3591,3232,5155,5287,4176,3507,7725,9721,5087,3575,32.0968,-11.998,8.68459,48.014
299,3327,3240,3262,3189,3752,3849,3650,3439,4615,5617,4781,3940,5571,9074,6501,4172,24.0798,-4.7588,8.59779,47.986
300,3922,3882,3401,3118,5677,4515,3598,3280,9978,5206,3824,3381,6675,4742,3820,3344,8.58435,-31.4215,8.90917,48.242
301,3612,3558,3354,3137,4865,4241,3540,3189,9358,5501,3914,3357,8067,5290,3843,3328,13.2466,-24.2905,8.82629,48.1027
302,3498,3323,3142,3147,4161,3898,3494,3187,6894,5212,3832,3445,10765,6605,4004,3272,21.4196,-22.7241,8.79924,47.9193
303,3175,3405,3622,3852,3314,3592,4303,5631,3319,3711,5123,10075,3390,3547,4861,7054,9.7239,30.3107,8.95283,47.9827
304,3964,3764,3395,3154,5774,4293,3630,3304,10109,5276,3814,3408,6634,4672,3728,3217,8.32687,-27.9441,8.81975,48.0907
305,3213,3258,3187,3114,3911,3748,3496,3298,6331,4853,3801,3409,12523,5936,3959,3388,25.7161,-32.0479,8.95073,47.6167
306,10595,7804,4149,3325,5899,5020,3842,3391,3960,3854,3529,3251,3457,3498,3289,3178,-33.5382,-19.1168,8.73375,48.0273
307,3031,3266,3546,3420,3304,3689,3979,4294,3569,4156,6438,6775,3457,4496,7319,7766,17.6268,15.967,8.8185,48.3367
308,4037,4223,3757,3457,4881,6278,4474,3611,5347,7357,4909,3747,4415,4507,3820,3444,2.03564,-9.07023,8.5808,48.176
309,3254,3266,3325,3242,3420,3693,3739,3594,3983,4961,4956,4380,4471,7486,8965,5164,28.3222,2.33071,8.62991,47.9327
310,6371,8038,4957,3778,5548,6710,4468,3674,3980,4104,3747,3381,3497,3470,3262,3173,-17.9694,-11.0902,8.52686,48.1053
311,3417,3381,3207,3010,4355,3871,3433,3181,7913,5109,3696,3422,10229,6064,3848,3336,18.594,-25.7261,8.94821,47.648
312,3695,4770,9140,8723,3540,4081,5225,5422,3166,3487,3766,3787,3157,3235,3361,3305,-28.0615,14.6043,8.69557,47.9067
313,3072,3175,3509,3458,3172,3431,4059,4465,3474,3921,5360,7799,3314,3980,6169,9599,17.9031,22.5341,8.83579,47.9713
314,3437,3469,3262,3141,4121,3896,3428,3268,7430,4930,3718,3398,11206,5919,3853,3354,20.7847,-30.0819,8.6171,47.8867
315,3492,3580,3455,3258,3900,4496,4062,3601,4966,7383,5639,3890,4841,6515,5326,3870,12.899,-4.49226,8.52764,48.1827
316,3346,3397,3251,3077,3997,3803,3490,3227,5732,5398,3928,3530,9993,8029,4491,3546,26.707,-17.8034,8.50087,48.1567
317,12302,5888,3885,3417,6296,4752,3777,3447,3927,3776,3382,3269,3371,3401,3311,3212,-25.1213,-33.1434,8.81863,47.6087
318,3224,3439,3795,3656,3495,3896,4909,4423,3739,4802,7981,5879,3686,4313,5804,5117,9.69611,10.4755,8.90916,48.1053
319,4790,4228,3516,3150,8349,4957,3801,3275,8359,4936,3690,3378,4781,4246,3587,3204,0.147054,-27.5507,8.85394,48.1647
320,3447,4121,6934,11189,3364,3827,5044,6638,3221,3403,3784,4003,3036,3168,3389,3363,-23.4646,22.9569,8.94994,47.954
321,3029,3308,3345,3365,3119,3522,3738,4044,3486,3918,4970,5961,3514,4178,7270,11261,27.6584,20.65,8.58648,48.0187
322,5050,8541,7511,4525,4215,5225,4945,4039,3585,3798,3722,3601,3257,3401,3445,3311,-24.9779,-1.59714,8.56198,48.114
323,11019,7512,4273,3336,5781,5257,3890,3347,4020,3875,3475,3187,3364,3346,3151,3125,-33.9697,-19.7301,8.80056,47.972
324,4855,4853,3900,3416,6376,7518,4346,3557,5245,5626,4110,3494,4036,4011,3622,3272,-4.58973,-12.9102,8.58813,48.158
325,3147,3315,3362,3280,3227,3486,3630,3880,3331,3795,4849,5976,3463,3957,5949,12504,30.6728,31.1365,8.87754,47.434
326,7165,7726,4616,3605,6062,6491,4355,3620,4162,4130,3739,3361,3528,3473,3196,3211,-17.5295,-13.4606,8.92816,48.2933
327,3414,3940,5955,8016,3431,4034,5862,8155,3358,3590,4239,4660,3093,3388,3543,3635,-14.4429,21.0784,8.6008,48.2087
328,4250,5557,5415,4314,4386,7015,6641,4197,3815,4427,4378,3768,3440,3537,3581,3385,-11.082,-0.674987,8.90238,48.0707
329,12747,5965,3876,3291,6067,4759,3644,3240,3988,3754,3421,3218,3414,3393,3222,3149,-33.6224,-30.1738,8.93784,47.432
330,3814,5281,9804,7351,3514,4211,5379,5044,3320,3489,3910,3786,3117,3376,3373,3316,-27.4928,11.0997,8.80414,48.0567
331,4392,4038,3557,3220,7084,5242,3724,3435,8332,5735,3769,3379,5064,4389,3628,3273,2.65749,-21.2238,8.71962,48.174
332,3114,3307,3386,3436,3376,3643,3792,3798,3804,4380,5298,4849,3814,5367,9751,6802,30.7664,9.70352,8.71812,47.9447
333,3239,3456,3827,4197,3286,3594,4557,6606,3297,3858,5287,9677,3294,3666,4527,5792,5.37188,26.8768,8.79037,48.1067
334,3762,4366,6580,5625,3743,4647,7921,5916,3382,3862,4504,4298,3122,3500,3510,3543,-12.5733,10.7618,8.91496,48.1873
335,3517,3563,3270,3258,4651,3980,3519,3221,8676,5253,3793,3409,9317,5306,3897,3420,15.9023,-32.4177,8.94489,48.0333
336,4736,4298,3690,3252,7686,5343,3816,3264,7768,5309,3855,3399,4723,4195,3620,3296,-0.0209115,-21.6932,8.63695,48.1667
337,4590,5118,4148,3527,5976,7963,4723,3568,4761,5529,4206,3599,3827,3930,3556,3315,-5.54147,-10.7252,8.74885,48.224
338,5276,4370,3531,3304,8745,5415,3803,3316,7228,4753,3757,3286,4511,3956,3462,3239,-2.79092,-24.3674,8.69602,47.968
339,5194,6749,5167,3828,5297,7528,5226,3861,3976,4325,3895,3483,3484,3522,3493,3256,-13.8173,-6.83664,8.53242,48.1893
340,3430,3393,3167,3115,4182,3882,3458,3163,6460,4942,3783,3311,12166,5906,4045,3431,24.4125,-31.5395,8.56544,47.8893
341,8132,9350,4765,3542,5240,5198,4301,3457,3950,3848,3515,3312,3387,3303,3294,3201,-33.6651,-13.0154,8.80999,47.8633
342,3490,4179,6009,5821,3659,4422,7537,6849,3368,3732,4634,4592,3144,3481,3738,3692,-10.9778,13.4385,8.82804,48.2313
343,3151,3430,3411,3205,3537,3784,3867,3669,3985,5116,6049,4669,4207,6411,8534,5282,20.4002,4.10332,8.70792,48.2047
344,3529,3867,3865,3776,3788,4833,5861,4428,4011,5686,7473,4584,3671,4211,4598,4125,3.3372,3.8027,8.6508,48.204
345,3103,3140,3442,3334,3183,3533,4036,4140,3369,3964,5431,6882,3526,4159,6912,9850,20.6064,20.3186,8.74604,48.0027
346,3323,3426,3435,3216,3648,3905,3908,3629,4326,5493,5671,4159,4679,7440,7505,4772,20.4343,0.490498,8.51299,48.3567
347,3173,3210,3283,3388,3297,3511,3806,3981,3478,4100,5604,5688,3706,4646,8708,8753,23.3213,14.8811,8.88531,48.2213
348,3117,3248,3367,3336,3199,3394,3772,3836,3432,3982,5109,5841,3420,4182,7406,11318,28.2948,20.5707,8.75164,47.9727
349,3753,3693,3359,3156,5371,4417,3656,3416,9809,5118,3731,3313,7012,4966,3883,3302,9.8659,-31.3763,8.63397,47.97
350,3737,3523,3276,3169,4896,4243,3607,3148,9307,5511,3917,3304,7910,5356,3803,3362,12.5813,-24.6696,8.82944,48.046
351,3435,3378,3228,3097,4079,3909,3561,3205,6163,5346,3981,3422,9853,7570,4291,3380,22.9122,-18.4792,8.60066,47.932
352,3167,3370,3450,3320,3387,3765,3682,3627,3844,4669,5222,4394,4187,6745,9565,5630,32.6015,4.39567,8.805,48.016
353,4818,4311,3486,3321,7995,4939,3877,3426,8204,4983,3846,3334,4686,4162,3613,3251,0.305612,-33.956,8.5628,48.168
354,5183,9034,7195,4362,4422,5142,4778,3961,3714,3805,3737,3456,3223,3498,3400,3225,-33.5857,-2.78556,8.522,48.09
355,3208,3388,3372,3171,3769,3828,3730,3393,4707,5602,4659,3816,5781,9479,6398,4007,24.9388,-5.70662,8.76065,48.2053
356,11386,6209,3838,3479,7156,5010,3818,3366,4091,3762,3512,3215,3446,3458,3289,3083,-21.7638,-24.3801,8.95353,48.0787
357,3289,3597,4591,5886,3378,3752,5371,9528,3374,3755,4460,6548,3283,3444,3859,4163,-5.89142,26.7942,8.62,48.1853
358,3412,3960,6222,10506,3400,3935,5218,7436,3261,3493,3999,4127,3140,3263,3445,3426,-20.061,23.3879,8.84908,48.162
359,3318,3443,3430,3242,3654,4013,4012,3579,4276,5774,6256,4566,4550,6672,7004,4780,17.4858,0.899335,8.74835,48.3793
360,3065,3283,3478,3591,3250,3584,4043,4579,3271,3914,5418,8414,3364,3907,5742,9137,15.889,24.4246,8.61816,48.0267
361,3202,3464,3874,4112,3365,3910,5036,5704,3509,4073,6600,8064,3260,3869,4696,5447,6.34834,18.4314,8.63254,48.1233
362,3260,3930,5804,11650,3368,3714,4780,7133,3270,3562,3828,4210,3101,3166,3371,3337,-21.763,30.3975,8.95594,47.656
363,3266,3293,3488,3554,3302,3584,4169,4620,3518,3896,5851,8239,3409,3971,5856,8415,15.1755,21.1556,8.5709,48.2873
364,3996,4095,3692,3410,5119,5835,4062,3500,6183,7640,4564,3576,4655,4945,3917,3324,4.23736,-11.9793,8.711,48.342
365,3477,3853,5385,8119,3432,3829,5303,9250,3350,3495,4125,4839,3092,3272,3599,3665,-13.4224,25.5661,8.58557,48.0567
366,3277,3786,6020,12672,3412,3742,4754,6110,3278,3524,3816,3966,3126,3232,3342,3430,-32.77,29.8042,8.91181,47.658
367,3308,3781,5022,7101,3433,3854,5364,9811,3379,3522,4387,5339,3102,3186,3599,3757,-10.1452,25.6841,8.71699,47.9633
368,3171,3522,4037,4431,3397,3820,5445,6882,3376,3989,5926,7902,3272,3719,4454,4902,2.16462,19.6358,8.56378,48.1633
369,5083,8270,7117,4583,4344,5608,5261,4135,3511,3854,3889,3442,3305,3451,3320,3319,-21.7268,-1.89499,8.61674,48.328
370,3099,3230,3451,3625,3219,3512,4136,4626,3366,3904,5138,8915,3400,3894,5486,8896,14.8693,27.8798,8.81221,47.9313
371,7062,5132,3876,3359,9232,5698,3908,3493,5225,4327,3619,3280,3821,3669,3294,3088,-10.3661,-23.6601,8.57957,48.0553
372,3176,3617,4371,4952,3339,3822,5409,8742,3354,3849,5094,7144,3144,3458,4044,4376,-2.19025,22.5996,8.92769,47.9273
373,12454,6220,3913,3308,6547,4776,3769,3244,3908,3720,3478,3198,3405,3463,3257,3207,-26.7053,-28.2156,8.6144,47.9113
374,3266,3728,4393,4959,3442,3962,5851,8090,3421,3734,5294,7011,3182,3533,4119,4384,-1.78738,20.4058,8.76501,48.246
375,3273,3683,4092,4438,3374,3964,5851,6243,3457,4133,6492,6938,3327,3766,4481,4741,1.9565,16.2523,8.62301,48.1687
376,3507,3484,3247,3084,4613,4118,3420,3235,8544,5223,3952,3399,9417,5474,3812,3383,16.0857,-27.6108,8.6006,47.9413
377,3265,3922,6493,12286,3413,3807,4891,5993,3267,3554,3766,3919,3077,3279,3415,3419,-31.1116,24.924,8.82915,47.844
378,3179,3171,3387,3627,3110,3541,4109,4629,3380,3834,5443,8564,3281,3868,5615,9114,15.8065,25.1415,8.77994,47.9013
379,3568,3988,4379,4049,3704,5127,7105,4748,3766,4675,6692,4775,3467,3896,4192,4072,-1.00732,6.36178,8.80792,48.1353
380,3474,3643,3444,3225,4083,4356,4003,3604,5209,7685,5054,3830,5208,6813,4950,3752,13.2358,-7.36081,8.93132,48.222
381,3503,3714,3698,3519,4003,4932,4883,3885,4458,6828,6756,4272,4006,4847,4793,4016,6.78102,-0.198082,8.54782,48.0753
382,3981,6026,9545,6069,3785,4580,5709,4590,3443,3668,3795,3750,3129,3247,3459,3336,-23.8194,7.17727,8.62736,48.0747
383,3365,3987,4583,4633,3498,4348,7189,6155,3541,4189,6144,5570,3375,3688,4176,4103,-2.71092,12.9952,8.65153,48.3627
384,3760,3595,3355,3121,5517,4374,3603,3238,9880,5312,3855,3390,7055,4929,3801,3391,9.90701,-28.1288,8.69846,48.1173
385,4010,3897,3457,3144,6008,4661,3637,3360,8975,5992,3951,3430,5826,4818,3661,3245,6.61522,-21.6445,8.52171,48.048
386,12477,6059,3938,3281,6330,4844,3732,3368,3987,3751,3464,3258,3450,3406,3202,3160,-25.9881,-31.5216,8.78039,47.8047
387,4332,6356,7352,4950,4191,5566,6461,4538,3574,3889,3953,3766,3246,3504,3404,3311,-17.2631,2.75682,8.77227,48.262
388,3468,3790,4568,4515,3522,4245,6953,6908,3479,3988,5978,5853,3350,3626,4147,4219,-2.32413,14.8894,8.95491,48.406
389,6666,7442,4578,3686,6039,6821,4408,3583,4152,4287,3747,3393,3433,3350,3331,3225,-16.5164,-12.931,8.82494,48.094
390,3109,3308,3476,3738,3393,3565,4138,4931,3422,3811,5406,8963,3351,3784,5278,8377,13.5292,25.6163,8.68936,48.0333
391,3581,3445,3359,3081,4431,4183,3604,3350,7521,6258,4052,3589,7728,6424,4186,3398,15.1717,-18.402,8.76011,48.1267
392,3387,3357,3135,3214,3900,3808,3440,3335,6636,4789,3910,3447,11856,6044,3971,3370,23.6561,-33.1134,8.63859,47.7327
393,5481,4483,3668,3278,9513,5125,3796,3376,7007,4562,3719,3323,4240,3926,3446,3312,-4.02539,-31.585,8.83069,48.17
394,3402,3956,5587,8274,3400,3916,5519,9161,3209,3508,4195,4807,3010,3203,3624,3571,-13.6909,23.8951,8.9234,48.228
395,3593,3669,3456,3183,4313,4668,3888,3498,6015,7796,4871,3712,5336,6268,4587,3664,11.4412,-10.2087,8.64344,48.3447
396,4164,4007,3626,3284,5556,5880,3932,3453,6629,7177,4233,3637,4789,4634,3871,3493,3.40067,-14.0774,8.67074,48.2433
397,3097,3269,3423,3603,3169,3577,3992,4333,3325,3829,5263,8130,3405,3888,5916,9574,17.0092,24.2081,8.61402,47.862
398,4909,4352,3581,3143,8460,5153,3754,3417,7829,5014,3795,3262,4689,4146,3517,3315,-0.850142,-25.0391,8.63534,48.224
399,5722,6695,4645,3598,6092,7783,4601,3656,4170,4435,3803,3463,3522,3568,3467,3214,-13.2416,-11.2284,8.55157,48.2893
400,3190,4028,5623,7336,3377,3977,6145,8745,3237,3608,4331,4898,3113,3288,3548,3808,-12.3212,21.1654,8.93493,48.168
401,3099,3241,3370,3388,3234,3404,3760,3816,3396,3693,4725,6127,3408,3797,6187,12894,29.8489,27.2059,8.93241,47.6927
402,3771,3925,3514,3135,4587,4864,3931,3383,6380,7973,4635,3670,5282,5694,4223,3601,9.39477,-11.9081,8.6924,48.3787
403,3749,3989,3826,3577,4170,5819,5163,3982,4479,6970,6157,4176,3957,4430,4325,3796,2.87185,-1.80168,8.84972,48.3767
404,3358,3674,4474,4425,3491,4430,6986,5735,3452,4260,6747,5700,3388,3567,4298,4229,-0.849673,11.6978,8.772,48.1427
405,12351,6202,3905,3410,6016,4743,3792,3405,3818,3819,3419,3382,3386,3306,3201,3206,-27.0948,-33.854,8.6264,47.574
406,3090,3361,3438,3358,3415,3630,4054,3913,3727,4468,6576,5386,3769,5101,8259,6412,18.6445,9.8912,8.76319,47.9713
407,3367,3920,6110,12619,3303,3714,4703,6323,3300,3485,3622,3902,3126,3265,3454,3382,-26.3193,29.5378,8.92374,47.73
408,3132,3297,3607,3595,3355,3559,4331,4651,3553,3982,6062,8167,3334,4031,5982,7715,14.1679,20.0255,8.53547,48.2353
409,4171,4089,3548,3234,6835,4854,3756,3399,9152,5099,3904,3450,5268,4393,3705,3409,3.65161,-33.9764,8.53481,48.1773
410,3724,4180,4472,3976,4036,5944,6936,4599,3982,5272,5837,4228,3618,3867,4108,3710,-2.35789,2.39053,8.69666,48.326
411,3293,3790,4405,4507,3493,4047,6531,6343,3423,4203,6247,6198,3344,3607,4237,4395,-0.497268,14.9608,8.68557,48.042
